genome	replicon	hit_id	gene_name	hit_pos	model_fqn	sys_id	sys_loci	locus_num	sys_wholeness	sys_score	sys_occ	hit_gene_ref	hit_status	hit_seq_len	hit_i_eval	hit_score	hit_profile_cov	hit_seq_cov	hit_begin_match	hit_end_match	counterpart	used_in
GCA_003073555.1	protein_ordered	AWE35706.1	Clu87-mza1	3886	model_pipolin_ent_mza/pipolin_ent_mza	protein_ordered_pipolin_ent_mza_1	1	1	0.833	5.000	1	Clu87-mza1	mandatory	601	0.0	1441.400	0.995	0.990	1	595		
GCA_003073555.1	protein_ordered	AWE35707.1	Clu91-mza2	3887	model_pipolin_ent_mza/pipolin_ent_mza	protein_ordered_pipolin_ent_mza_1	1	1	0.833	5.000	1	Clu91-mza2	mandatory	342	1.5e-232	769.000	1.000	1.000	1	342		
GCA_003073555.1	protein_ordered	AWE35708.1	Clu90-mza3	3888	model_pipolin_ent_mza/pipolin_ent_mza	protein_ordered_pipolin_ent_mza_1	1	1	0.833	5.000	1	Clu90-mza3	mandatory	952	0.0	2241.400	1.000	1.000	1	952		
GCA_003073555.1	protein_ordered	AWE35709.1	Clu110-mza4	3889	model_pipolin_ent_mza/pipolin_ent_mza	protein_ordered_pipolin_ent_mza_1	1	1	0.833	5.000	1	Clu110-mza4	mandatory	500	0.0	1177.900	1.000	1.000	1	500		
GCA_003073555.1	protein_ordered	AWE35710.1	Clu94-mza5	3890	model_pipolin_ent_mza/pipolin_ent_mza	protein_ordered_pipolin_ent_mza_1	1	1	0.833	5.000	1	Clu94-mza5	mandatory	631	0.0	1268.600	0.930	1.000	1	631		
GCA_019970995.1	protein_ordered	UAO73201.1	Clu94-mza5	1737	model_pipolin_ent_mza/pipolin_ent_mza	protein_ordered_pipolin_ent_mza_1	1	1	0.833	5.000	1	Clu94-mza5	mandatory	683	0.0	1564.200	1.000	1.000	1	683		
GCA_019970995.1	protein_ordered	UAO73202.1	Clu110-mza4	1738	model_pipolin_ent_mza/pipolin_ent_mza	protein_ordered_pipolin_ent_mza_1	1	1	0.833	5.000	1	Clu110-mza4	mandatory	500	0.0	1221.000	1.000	1.000	1	500		
GCA_019970995.1	protein_ordered	UAO73203.1	Clu90-mza3	1739	model_pipolin_ent_mza/pipolin_ent_mza	protein_ordered_pipolin_ent_mza_1	1	1	0.833	5.000	1	Clu90-mza3	mandatory	952	0.0	2327.600	1.000	1.000	1	952		
GCA_019970995.1	protein_ordered	UAO73204.1	Clu91-mza2	1740	model_pipolin_ent_mza/pipolin_ent_mza	protein_ordered_pipolin_ent_mza_1	1	1	0.833	5.000	1	Clu91-mza2	mandatory	342	2.5e-250	827.300	1.000	1.000	1	342		
GCA_019970995.1	protein_ordered	UAO73205.1	Clu87-mza1	1741	model_pipolin_ent_mza/pipolin_ent_mza	protein_ordered_pipolin_ent_mza_1	1	1	0.833	5.000	1	Clu87-mza1	mandatory	598	0.0	1463.100	1.000	1.000	1	598		
GCA_025758495.1	protein_ordered	UYJ96938.1	Clu87-mza1	3706	model_pipolin_ent_mza/pipolin_ent_mza	protein_ordered_pipolin_ent_mza_1	1	1	0.667	4.000	1	Clu87-mza1	mandatory	687	1.8e-71	239.300	0.863	0.771	61	590		
GCA_025758495.1	protein_ordered	UYJ96939.1	Clu91-mza2	3707	model_pipolin_ent_mza/pipolin_ent_mza	protein_ordered_pipolin_ent_mza_1	1	1	0.667	4.000	1	Clu91-mza2	mandatory	322	2e-17	61.500	0.673	0.717	76	306		
GCA_025758495.1	protein_ordered	UYJ96940.1	Clu90-mza3	3708	model_pipolin_ent_mza/pipolin_ent_mza	protein_ordered_pipolin_ent_mza_1	1	1	0.667	4.000	1	Clu90-mza3	mandatory	916	2.2e-114	381.100	0.761	0.751	64	751		
GCA_025758495.1	protein_ordered	UYJ96941.1	Clu110-mza4	3709	model_pipolin_ent_mza/pipolin_ent_mza	protein_ordered_pipolin_ent_mza_1	1	1	0.667	4.000	1	Clu110-mza4	mandatory	482	2.9e-71	238.400	0.822	0.834	9	410		
GCA_024585405.1	protein_ordered	UUP33012.1	Clu94-mza5	1767	model_pipolin_ent_mza/pipolin_ent_mza	protein_ordered_pipolin_ent_mza_1	1	1	0.833	5.000	1	Clu94-mza5	mandatory	683	0.0	1563.700	1.000	1.000	1	683		
GCA_024585405.1	protein_ordered	UUP33013.1	Clu110-mza4	1768	model_pipolin_ent_mza/pipolin_ent_mza	protein_ordered_pipolin_ent_mza_1	1	1	0.833	5.000	1	Clu110-mza4	mandatory	500	0.0	1221.000	1.000	1.000	1	500		
GCA_024585405.1	protein_ordered	UUP33014.1	Clu90-mza3	1769	model_pipolin_ent_mza/pipolin_ent_mza	protein_ordered_pipolin_ent_mza_1	1	1	0.833	5.000	1	Clu90-mza3	mandatory	952	0.0	2321.200	1.000	1.000	1	952		
GCA_024585405.1	protein_ordered	UUP33015.1	Clu91-mza2	1770	model_pipolin_ent_mza/pipolin_ent_mza	protein_ordered_pipolin_ent_mza_1	1	1	0.833	5.000	1	Clu91-mza2	mandatory	342	2.6e-250	827.300	1.000	1.000	1	342		
GCA_024585405.1	protein_ordered	UUP33016.1	Clu87-mza1	1771	model_pipolin_ent_mza/pipolin_ent_mza	protein_ordered_pipolin_ent_mza_1	1	1	0.833	5.000	1	Clu87-mza1	mandatory	598	0.0	1463.100	1.000	1.000	1	598		
GCA_021496135.1	protein_ordered	UJA59095.1	Clu94-mza5	3052	model_pipolin_ent_mza/pipolin_ent_mza	protein_ordered_pipolin_ent_mza_1	1	1	0.833	5.000	1	Clu94-mza5	mandatory	679	0.0	1384.300	1.000	1.000	1	679		
GCA_021496135.1	protein_ordered	UJA59096.1	Clu110-mza4	3053	model_pipolin_ent_mza/pipolin_ent_mza	protein_ordered_pipolin_ent_mza_1	1	1	0.833	5.000	1	Clu110-mza4	mandatory	500	0.0	1180.400	1.000	1.000	1	500		
GCA_021496135.1	protein_ordered	UJA59097.1	Clu90-mza3	3054	model_pipolin_ent_mza/pipolin_ent_mza	protein_ordered_pipolin_ent_mza_1	1	1	0.833	5.000	1	Clu90-mza3	mandatory	952	0.0	2243.300	1.000	1.000	1	952		
GCA_021496135.1	protein_ordered	UJA59098.1	Clu91-mza2	3055	model_pipolin_ent_mza/pipolin_ent_mza	protein_ordered_pipolin_ent_mza_1	1	1	0.833	5.000	1	Clu91-mza2	mandatory	342	7.1e-231	763.400	1.000	1.000	1	342		
GCA_021496135.1	protein_ordered	UJA59099.1	Clu87-mza1	3056	model_pipolin_ent_mza/pipolin_ent_mza	protein_ordered_pipolin_ent_mza_1	1	1	0.833	5.000	1	Clu87-mza1	mandatory	601	0.0	1436.200	0.995	0.990	1	595		
GCA_023547315.1	protein_ordered	URE95727.1	Clu87-mza1	479	model_pipolin_ent_mza/pipolin_ent_mza	protein_ordered_pipolin_ent_mza_1	1	1	0.667	4.000	1	Clu87-mza1	mandatory	505	3.9e-73	244.900	0.788	0.962	5	490		
GCA_023547315.1	protein_ordered	URE95729.1	Clu91-mza2	481	model_pipolin_ent_mza/pipolin_ent_mza	protein_ordered_pipolin_ent_mza_1	1	1	0.667	4.000	1	Clu91-mza2	mandatory	313	3.6e-25	87.000	0.734	0.808	55	307		
GCA_023547315.1	protein_ordered	URE97418.1	Clu90-mza3	482	model_pipolin_ent_mza/pipolin_ent_mza	protein_ordered_pipolin_ent_mza_1	1	1	0.667	4.000	1	Clu90-mza3	mandatory	795	7.2e-111	369.600	0.707	0.810	3	646		
GCA_023547315.1	protein_ordered	URE95732.1	Clu110-mza4	485	model_pipolin_ent_mza/pipolin_ent_mza	protein_ordered_pipolin_ent_mza_1	1	1	0.667	4.000	1	Clu110-mza4	mandatory	485	3.6e-92	307.400	0.966	0.977	6	479		
GCA_001022095.1	protein_ordered	AKK99513.1	Clu1-GpiPolB	204	model_pipolin_ent_mza/pipolin_ent_mza	protein_ordered_pipolin_ent_mza_1	1	1	1.000	6.000	1	Clu1-GpiPolB	mandatory	868	0.0	1164.300	0.916	0.955	38	866		
GCA_001022095.1	protein_ordered	AKK99520.1	Clu94-mza5	211	model_pipolin_ent_mza/pipolin_ent_mza	protein_ordered_pipolin_ent_mza_1	1	1	1.000	6.000	1	Clu94-mza5	mandatory	683	0.0	1544.700	1.000	1.000	1	683		
GCA_001022095.1	protein_ordered	AKK99521.1	Clu110-mza4	212	model_pipolin_ent_mza/pipolin_ent_mza	protein_ordered_pipolin_ent_mza_1	1	1	1.000	6.000	1	Clu110-mza4	mandatory	500	0.0	1195.300	1.000	1.000	1	500		
GCA_001022095.1	protein_ordered	AKK99522.1	Clu90-mza3	213	model_pipolin_ent_mza/pipolin_ent_mza	protein_ordered_pipolin_ent_mza_1	1	1	1.000	6.000	1	Clu90-mza3	mandatory	952	0.0	2292.000	1.000	1.000	1	952		
GCA_001022095.1	protein_ordered	AKK99523.1	Clu91-mza2	214	model_pipolin_ent_mza/pipolin_ent_mza	protein_ordered_pipolin_ent_mza_1	1	1	1.000	6.000	1	Clu91-mza2	mandatory	342	9.8e-246	812.300	1.000	1.000	1	342		
GCA_001022095.1	protein_ordered	AKK99524.1	Clu87-mza1	215	model_pipolin_ent_mza/pipolin_ent_mza	protein_ordered_pipolin_ent_mza_1	1	1	1.000	6.000	1	Clu87-mza1	mandatory	598	0.0	1473.800	1.000	1.000	1	598		
GCA_013786025.1	protein_ordered	QLY38616.1	Clu110-mza4	3804	model_pipolin_ent_mza/pipolin_ent_mza	protein_ordered_pipolin_ent_mza_1	1	1	0.667	4.000	1	Clu110-mza4	mandatory	490	2.7e-92	307.800	0.970	0.971	6	481		
GCA_013786025.1	protein_ordered	QLY38617.1	Clu90-mza3	3805	model_pipolin_ent_mza/pipolin_ent_mza	protein_ordered_pipolin_ent_mza_1	1	1	0.667	4.000	1	Clu90-mza3	mandatory	919	7e-119	396.100	0.753	0.752	76	766		
GCA_013786025.1	protein_ordered	QLY38618.1	Clu91-mza2	3806	model_pipolin_ent_mza/pipolin_ent_mza	protein_ordered_pipolin_ent_mza_1	1	1	0.667	4.000	1	Clu91-mza2	mandatory	313	1.7e-23	81.400	0.670	0.738	77	307		
GCA_013786025.1	protein_ordered	QLY38619.1	Clu87-mza1	3807	model_pipolin_ent_mza/pipolin_ent_mza	protein_ordered_pipolin_ent_mza_1	1	1	0.667	4.000	1	Clu87-mza1	mandatory	621	6.1e-72	240.900	0.868	0.860	60	593		
GCA_003073535.1	protein_ordered	AWE26661.1	Clu87-mza1	3946	model_pipolin_ent_mza/pipolin_ent_mza	protein_ordered_pipolin_ent_mza_1	1	1	0.833	5.000	1	Clu87-mza1	mandatory	601	0.0	1441.400	0.995	0.990	1	595		
GCA_003073535.1	protein_ordered	AWE26662.1	Clu91-mza2	3947	model_pipolin_ent_mza/pipolin_ent_mza	protein_ordered_pipolin_ent_mza_1	1	1	0.833	5.000	1	Clu91-mza2	mandatory	342	1.5e-232	769.000	1.000	1.000	1	342		
GCA_003073535.1	protein_ordered	AWE26663.1	Clu90-mza3	3948	model_pipolin_ent_mza/pipolin_ent_mza	protein_ordered_pipolin_ent_mza_1	1	1	0.833	5.000	1	Clu90-mza3	mandatory	952	0.0	2241.400	1.000	1.000	1	952		
GCA_003073535.1	protein_ordered	AWE26664.1	Clu110-mza4	3949	model_pipolin_ent_mza/pipolin_ent_mza	protein_ordered_pipolin_ent_mza_1	1	1	0.833	5.000	1	Clu110-mza4	mandatory	500	0.0	1177.900	1.000	1.000	1	500		
GCA_003073535.1	protein_ordered	AWE26665.1	Clu94-mza5	3950	model_pipolin_ent_mza/pipolin_ent_mza	protein_ordered_pipolin_ent_mza_1	1	1	0.833	5.000	1	Clu94-mza5	mandatory	631	0.0	1268.600	0.930	1.000	1	631		
GCA_000210475.1	protein_ordered	CBJ01446.1	Clu87-mza1	1918	model_pipolin_ent_mza/pipolin_ent_mza	protein_ordered_pipolin_ent_mza_1	1	1	1.000	6.000	1	Clu87-mza1	mandatory	627	0.0	1459.700	1.000	0.954	30	627		
GCA_000210475.1	protein_ordered	CBJ01447.1	Clu91-mza2	1919	model_pipolin_ent_mza/pipolin_ent_mza	protein_ordered_pipolin_ent_mza_1	1	1	1.000	6.000	1	Clu91-mza2	mandatory	342	2.8e-250	827.300	1.000	1.000	1	342		
GCA_000210475.1	protein_ordered	CBJ01448.1	Clu90-mza3	1920	model_pipolin_ent_mza/pipolin_ent_mza	protein_ordered_pipolin_ent_mza_1	1	1	1.000	6.000	1	Clu90-mza3	mandatory	939	0.0	2299.000	0.986	1.000	1	939		
GCA_000210475.1	protein_ordered	CBJ01449.1	Clu110-mza4	1921	model_pipolin_ent_mza/pipolin_ent_mza	protein_ordered_pipolin_ent_mza_1	1	1	1.000	6.000	1	Clu110-mza4	mandatory	500	0.0	1221.000	1.000	1.000	1	500		
GCA_000210475.1	protein_ordered	CBJ01450.1	Clu94-mza5	1922	model_pipolin_ent_mza/pipolin_ent_mza	protein_ordered_pipolin_ent_mza_1	1	1	1.000	6.000	1	Clu94-mza5	mandatory	697	0.0	1558.300	1.000	0.980	15	697		
GCA_000210475.1	protein_ordered	CBJ01463.1	Clu1-GpiPolB	1935	model_pipolin_ent_mza/pipolin_ent_mza	protein_ordered_pipolin_ent_mza_1	1	1	1.000	6.000	1	Clu1-GpiPolB	mandatory	866	0.0	1197.400	0.912	0.947	45	864		
GCA_005890075.1	protein_ordered	QCV78448.1	Clu87-mza1	476	model_pipolin_ent_mza/pipolin_ent_mza	protein_ordered_pipolin_ent_mza_1	1	1	0.667	4.000	1	Clu87-mza1	mandatory	622	3.5e-74	248.300	0.866	0.857	59	591		
GCA_005890075.1	protein_ordered	QCV78449.1	Clu91-mza2	477	model_pipolin_ent_mza/pipolin_ent_mza	protein_ordered_pipolin_ent_mza_1	1	1	0.667	4.000	1	Clu91-mza2	mandatory	313	1.7e-24	84.700	0.725	0.799	58	307		
GCA_005890075.1	protein_ordered	QCV78450.1	Clu90-mza3	478	model_pipolin_ent_mza/pipolin_ent_mza	protein_ordered_pipolin_ent_mza_1	1	1	0.667	4.000	1	Clu90-mza3	mandatory	919	2.6e-121	404.100	0.764	0.763	77	777		
GCA_005890075.1	protein_ordered	QCV78451.1	Clu110-mza4	479	model_pipolin_ent_mza/pipolin_ent_mza	protein_ordered_pipolin_ent_mza_1	1	1	0.667	4.000	1	Clu110-mza4	mandatory	490	7.9e-87	289.700	0.968	0.969	6	480		
GCA_001901145.1	protein_ordered	APL22396.1	Clu1-GpiPolB	1167	model_pipolin_ent_mza/pipolin_ent_mza	protein_ordered_pipolin_ent_mza_1	1	1	1.000	6.000	1	Clu1-GpiPolB	mandatory	866	0.0	1197.400	0.912	0.947	45	864		
GCA_001901145.1	protein_ordered	APL22411.1	Clu94-mza5	1183	model_pipolin_ent_mza/pipolin_ent_mza	protein_ordered_pipolin_ent_mza_1	1	1	1.000	6.000	1	Clu94-mza5	mandatory	683	0.0	1564.200	1.000	1.000	1	683		
GCA_001901145.1	protein_ordered	APL22412.1	Clu110-mza4	1184	model_pipolin_ent_mza/pipolin_ent_mza	protein_ordered_pipolin_ent_mza_1	1	1	1.000	6.000	1	Clu110-mza4	mandatory	500	0.0	1221.000	1.000	1.000	1	500		
GCA_001901145.1	protein_ordered	APL22413.1	Clu90-mza3	1185	model_pipolin_ent_mza/pipolin_ent_mza	protein_ordered_pipolin_ent_mza_1	1	1	1.000	6.000	1	Clu90-mza3	mandatory	952	0.0	2329.900	1.000	1.000	1	952		
GCA_001901145.1	protein_ordered	APL22414.1	Clu91-mza2	1186	model_pipolin_ent_mza/pipolin_ent_mza	protein_ordered_pipolin_ent_mza_1	1	1	1.000	6.000	1	Clu91-mza2	mandatory	342	2.9e-250	827.300	1.000	1.000	1	342		
GCA_001901145.1	protein_ordered	APL22415.1	Clu87-mza1	1187	model_pipolin_ent_mza/pipolin_ent_mza	protein_ordered_pipolin_ent_mza_1	1	1	1.000	6.000	1	Clu87-mza1	mandatory	598	0.0	1459.900	1.000	1.000	1	598		
GCA_014295315.1	protein_ordered	QNJ64463.1	Clu94-mza5	1870	model_pipolin_ent_mza/pipolin_ent_mza	protein_ordered_pipolin_ent_mza_1	1	1	0.833	5.000	1	Clu94-mza5	mandatory	687	0.0	1538.000	1.000	1.000	1	687		
GCA_014295315.1	protein_ordered	QNJ64465.1	Clu110-mza4	1872	model_pipolin_ent_mza/pipolin_ent_mza	protein_ordered_pipolin_ent_mza_1	1	1	0.833	5.000	1	Clu110-mza4	mandatory	264	3.5e-184	611.000	0.528	1.000	1	264		
GCA_014295315.1	protein_ordered	QNJ64466.1	Clu90-mza3	1873	model_pipolin_ent_mza/pipolin_ent_mza	protein_ordered_pipolin_ent_mza_1	1	1	0.833	5.000	1	Clu90-mza3	mandatory	952	0.0	2250.400	1.000	1.000	1	952		
GCA_014295315.1	protein_ordered	QNJ64467.1	Clu91-mza2	1874	model_pipolin_ent_mza/pipolin_ent_mza	protein_ordered_pipolin_ent_mza_1	1	1	0.833	5.000	1	Clu91-mza2	mandatory	342	5.1e-238	787.000	1.000	1.000	1	342		
GCA_014295315.1	protein_ordered	QNJ64468.1	Clu87-mza1	1875	model_pipolin_ent_mza/pipolin_ent_mza	protein_ordered_pipolin_ent_mza_1	1	1	0.833	5.000	1	Clu87-mza1	mandatory	598	0.0	1428.500	1.000	1.000	1	598		
GCA_004120035.1	protein_ordered	QAX12498.1	Clu87-mza1	4348	model_pipolin_ent_mza/pipolin_ent_mza	protein_ordered_pipolin_ent_mza_1	1	1	0.833	5.000	1	Clu87-mza1	mandatory	601	0.0	1438.300	0.995	0.990	1	595		
GCA_004120035.1	protein_ordered	QAX12499.1	Clu91-mza2	4349	model_pipolin_ent_mza/pipolin_ent_mza	protein_ordered_pipolin_ent_mza_1	1	1	0.833	5.000	1	Clu91-mza2	mandatory	342	1.3e-227	752.900	1.000	1.000	1	342		
GCA_004120035.1	protein_ordered	QAX12500.1	Clu90-mza3	4350	model_pipolin_ent_mza/pipolin_ent_mza	protein_ordered_pipolin_ent_mza_1	1	1	0.833	5.000	1	Clu90-mza3	mandatory	952	0.0	2244.800	1.000	1.000	1	952		
GCA_004120035.1	protein_ordered	QAX12501.1	Clu110-mza4	4351	model_pipolin_ent_mza/pipolin_ent_mza	protein_ordered_pipolin_ent_mza_1	1	1	0.833	5.000	1	Clu110-mza4	mandatory	500	0.0	1188.900	1.000	1.000	1	500		
GCA_004120035.1	protein_ordered	QAX12502.1	Clu94-mza5	4352	model_pipolin_ent_mza/pipolin_ent_mza	protein_ordered_pipolin_ent_mza_1	1	1	0.833	5.000	1	Clu94-mza5	mandatory	662	0.0	1351.300	0.978	1.000	1	662		
GCA_001901215.1	protein_ordered	APL37248.1	Clu1-GpiPolB	1160	model_pipolin_ent_mza/pipolin_ent_mza	protein_ordered_pipolin_ent_mza_1	1	1	1.000	6.000	1	Clu1-GpiPolB	mandatory	866	0.0	1197.400	0.912	0.947	45	864		
GCA_001901215.1	protein_ordered	APL37263.1	Clu94-mza5	1176	model_pipolin_ent_mza/pipolin_ent_mza	protein_ordered_pipolin_ent_mza_1	1	1	1.000	6.000	1	Clu94-mza5	mandatory	683	0.0	1564.200	1.000	1.000	1	683		
GCA_001901215.1	protein_ordered	APL37264.1	Clu110-mza4	1177	model_pipolin_ent_mza/pipolin_ent_mza	protein_ordered_pipolin_ent_mza_1	1	1	1.000	6.000	1	Clu110-mza4	mandatory	500	0.0	1221.000	1.000	1.000	1	500		
GCA_001901215.1	protein_ordered	APL37265.1	Clu90-mza3	1178	model_pipolin_ent_mza/pipolin_ent_mza	protein_ordered_pipolin_ent_mza_1	1	1	1.000	6.000	1	Clu90-mza3	mandatory	952	0.0	2329.900	1.000	1.000	1	952		
GCA_001901215.1	protein_ordered	APL37266.1	Clu91-mza2	1179	model_pipolin_ent_mza/pipolin_ent_mza	protein_ordered_pipolin_ent_mza_1	1	1	1.000	6.000	1	Clu91-mza2	mandatory	342	2.9e-250	827.300	1.000	1.000	1	342		
GCA_001901215.1	protein_ordered	APL37267.1	Clu87-mza1	1180	model_pipolin_ent_mza/pipolin_ent_mza	protein_ordered_pipolin_ent_mza_1	1	1	1.000	6.000	1	Clu87-mza1	mandatory	598	0.0	1459.900	1.000	1.000	1	598		
GCA_021545705.1	protein_ordered	UJJ19809.1	Clu94-mza5	623	model_pipolin_ent_mza/pipolin_ent_mza	protein_ordered_pipolin_ent_mza_1	1	1	0.833	5.000	1	Clu94-mza5	mandatory	616	0.0	1242.400	0.911	1.000	1	616		
GCA_021545705.1	protein_ordered	UJJ19810.1	Clu110-mza4	624	model_pipolin_ent_mza/pipolin_ent_mza	protein_ordered_pipolin_ent_mza_1	1	1	0.833	5.000	1	Clu110-mza4	mandatory	500	0.0	1188.900	1.000	1.000	1	500		
GCA_021545705.1	protein_ordered	UJJ19811.1	Clu90-mza3	625	model_pipolin_ent_mza/pipolin_ent_mza	protein_ordered_pipolin_ent_mza_1	1	1	0.833	5.000	1	Clu90-mza3	mandatory	952	0.0	2240.400	1.000	1.000	1	952		
GCA_021545705.1	protein_ordered	UJJ19812.1	Clu91-mza2	626	model_pipolin_ent_mza/pipolin_ent_mza	protein_ordered_pipolin_ent_mza_1	1	1	0.833	5.000	1	Clu91-mza2	mandatory	342	1.8e-228	755.600	1.000	1.000	1	342		
GCA_021545705.1	protein_ordered	UJJ19813.1	Clu87-mza1	627	model_pipolin_ent_mza/pipolin_ent_mza	protein_ordered_pipolin_ent_mza_1	1	1	0.833	5.000	1	Clu87-mza1	mandatory	601	0.0	1436.200	0.995	0.990	1	595		
GCA_013425845.1	protein_ordered	QLJ24984.1	Clu87-mza1	3798	model_pipolin_ent_mza/pipolin_ent_mza	protein_ordered_pipolin_ent_mza_1	1	1	0.667	4.000	1	Clu87-mza1	mandatory	621	9.6e-72	240.100	0.868	0.860	60	593		
GCA_013425845.1	protein_ordered	QLJ24985.1	Clu91-mza2	3799	model_pipolin_ent_mza/pipolin_ent_mza	protein_ordered_pipolin_ent_mza_1	1	1	0.667	4.000	1	Clu91-mza2	mandatory	313	7.1e-23	79.300	0.670	0.738	77	307		
GCA_013425845.1	protein_ordered	QLJ24986.1	Clu90-mza3	3800	model_pipolin_ent_mza/pipolin_ent_mza	protein_ordered_pipolin_ent_mza_1	1	1	0.667	4.000	1	Clu90-mza3	mandatory	919	4.7e-118	393.200	0.753	0.752	76	766		
GCA_013425845.1	protein_ordered	QLJ24987.1	Clu110-mza4	3801	model_pipolin_ent_mza/pipolin_ent_mza	protein_ordered_pipolin_ent_mza_1	1	1	0.667	4.000	1	Clu110-mza4	mandatory	490	2.9e-92	307.500	0.970	0.971	6	481		
GCA_001454965.1	protein_ordered	ALP99746.1	Clu87-mza1	3969	model_pipolin_ent_mza/pipolin_ent_mza	protein_ordered_pipolin_ent_mza_1	1	1	0.833	5.000	1	Clu87-mza1	mandatory	601	0.0	1440.100	0.995	0.990	1	595		
GCA_001454965.1	protein_ordered	ALP99747.1	Clu91-mza2	3970	model_pipolin_ent_mza/pipolin_ent_mza	protein_ordered_pipolin_ent_mza_1	1	1	0.833	5.000	1	Clu91-mza2	mandatory	342	3.9e-231	764.300	1.000	1.000	1	342		
GCA_001454965.1	protein_ordered	ALP99748.1	Clu90-mza3	3971	model_pipolin_ent_mza/pipolin_ent_mza	protein_ordered_pipolin_ent_mza_1	1	1	0.833	5.000	1	Clu90-mza3	mandatory	952	0.0	2240.900	1.000	1.000	1	952		
GCA_001454965.1	protein_ordered	ALP99749.1	Clu110-mza4	3972	model_pipolin_ent_mza/pipolin_ent_mza	protein_ordered_pipolin_ent_mza_1	1	1	0.833	5.000	1	Clu110-mza4	mandatory	500	0.0	1177.300	1.000	1.000	1	500		
GCA_001454965.1	protein_ordered	ALP99750.1	Clu94-mza5	3973	model_pipolin_ent_mza/pipolin_ent_mza	protein_ordered_pipolin_ent_mza_1	1	1	0.833	5.000	1	Clu94-mza5	mandatory	679	0.0	1384.300	1.000	1.000	1	679		
GCA_011045815.1	protein_ordered	QIF94845.1	Clu110-mza4	2578	model_pipolin_ent_mza/pipolin_ent_mza	protein_ordered_pipolin_ent_mza_1	1	1	0.667	4.000	1	Clu110-mza4	mandatory	494	7.5e-81	269.900	0.966	0.968	8	485		
GCA_011045815.1	protein_ordered	QIF96149.1	Clu90-mza3	2579	model_pipolin_ent_mza/pipolin_ent_mza	protein_ordered_pipolin_ent_mza_1	1	1	0.667	4.000	1	Clu90-mza3	mandatory	821	5.4e-121	403.000	0.668	0.730	15	613		
GCA_011045815.1	protein_ordered	QIF96150.1	Clu91-mza2	2580	model_pipolin_ent_mza/pipolin_ent_mza	protein_ordered_pipolin_ent_mza_1	1	1	0.667	4.000	1	Clu91-mza2	mandatory	326	6.8e-17	59.600	0.705	0.745	71	313		
GCA_011045815.1	protein_ordered	QIF94846.1	Clu87-mza1	2581	model_pipolin_ent_mza/pipolin_ent_mza	protein_ordered_pipolin_ent_mza_1	1	1	0.667	4.000	1	Clu87-mza1	mandatory	599	4.7e-90	300.600	0.946	0.948	13	580		
GCA_001901165.1	protein_ordered	APL28168.1	Clu1-GpiPolB	1909	model_pipolin_ent_mza/pipolin_ent_mza	protein_ordered_pipolin_ent_mza_1	1	1	1.000	6.000	1	Clu1-GpiPolB	mandatory	866	0.0	1197.400	0.912	0.947	45	864		
GCA_001901165.1	protein_ordered	APL28184.1	Clu94-mza5	1925	model_pipolin_ent_mza/pipolin_ent_mza	protein_ordered_pipolin_ent_mza_1	1	1	1.000	6.000	1	Clu94-mza5	mandatory	683	0.0	1564.200	1.000	1.000	1	683		
GCA_001901165.1	protein_ordered	APL28185.1	Clu110-mza4	1926	model_pipolin_ent_mza/pipolin_ent_mza	protein_ordered_pipolin_ent_mza_1	1	1	1.000	6.000	1	Clu110-mza4	mandatory	500	0.0	1221.000	1.000	1.000	1	500		
GCA_001901165.1	protein_ordered	APL28186.1	Clu90-mza3	1927	model_pipolin_ent_mza/pipolin_ent_mza	protein_ordered_pipolin_ent_mza_1	1	1	1.000	6.000	1	Clu90-mza3	mandatory	952	0.0	2329.900	1.000	1.000	1	952		
GCA_001901165.1	protein_ordered	APL28187.1	Clu91-mza2	1928	model_pipolin_ent_mza/pipolin_ent_mza	protein_ordered_pipolin_ent_mza_1	1	1	1.000	6.000	1	Clu91-mza2	mandatory	342	2.9e-250	827.300	1.000	1.000	1	342		
GCA_001901165.1	protein_ordered	APL28188.1	Clu87-mza1	1929	model_pipolin_ent_mza/pipolin_ent_mza	protein_ordered_pipolin_ent_mza_1	1	1	1.000	6.000	1	Clu87-mza1	mandatory	598	0.0	1459.900	1.000	1.000	1	598		
GCA_006344865.2	protein_ordered	QVZ36818.1	Clu87-mza1	3736	model_pipolin_ent_mza/pipolin_ent_mza	protein_ordered_pipolin_ent_mza_1	1	1	0.833	5.000	1	Clu87-mza1	mandatory	601	0.0	1441.400	0.995	0.990	1	595		
GCA_006344865.2	protein_ordered	QVZ33904.1	Clu91-mza2	3737	model_pipolin_ent_mza/pipolin_ent_mza	protein_ordered_pipolin_ent_mza_1	1	1	0.833	5.000	1	Clu91-mza2	mandatory	342	1.4e-232	769.000	1.000	1.000	1	342		
GCA_006344865.2	protein_ordered	QVZ33905.1	Clu90-mza3	3738	model_pipolin_ent_mza/pipolin_ent_mza	protein_ordered_pipolin_ent_mza_1	1	1	0.833	5.000	1	Clu90-mza3	mandatory	952	0.0	2241.400	1.000	1.000	1	952		
GCA_006344865.2	protein_ordered	QVZ33906.1	Clu110-mza4	3739	model_pipolin_ent_mza/pipolin_ent_mza	protein_ordered_pipolin_ent_mza_1	1	1	0.833	5.000	1	Clu110-mza4	mandatory	500	0.0	1177.900	1.000	1.000	1	500		
GCA_006344865.2	protein_ordered	QVZ33907.1	Clu94-mza5	3740	model_pipolin_ent_mza/pipolin_ent_mza	protein_ordered_pipolin_ent_mza_1	1	1	0.833	5.000	1	Clu94-mza5	mandatory	679	0.0	1382.600	1.000	1.000	1	679		
GCA_001718055.1	protein_ordered	AOI30949.1	Clu94-mza5	2745	model_pipolin_ent_mza/pipolin_ent_mza	protein_ordered_pipolin_ent_mza_1	1	1	0.833	5.000	1	Clu94-mza5	mandatory	683	0.0	1543.000	1.000	1.000	1	683		
GCA_001718055.1	protein_ordered	AOI30950.1	Clu110-mza4	2746	model_pipolin_ent_mza/pipolin_ent_mza	protein_ordered_pipolin_ent_mza_1	1	1	0.833	5.000	1	Clu110-mza4	mandatory	500	0.0	1195.300	1.000	1.000	1	500		
GCA_001718055.1	protein_ordered	AOI30951.1	Clu90-mza3	2747	model_pipolin_ent_mza/pipolin_ent_mza	protein_ordered_pipolin_ent_mza_1	1	1	0.833	5.000	1	Clu90-mza3	mandatory	952	0.0	2292.400	1.000	1.000	1	952		
GCA_001718055.1	protein_ordered	AOI30952.1	Clu91-mza2	2748	model_pipolin_ent_mza/pipolin_ent_mza	protein_ordered_pipolin_ent_mza_1	1	1	0.833	5.000	1	Clu91-mza2	mandatory	342	2.1e-244	808.000	1.000	1.000	1	342		
GCA_001718055.1	protein_ordered	AOI30953.1	Clu87-mza1	2749	model_pipolin_ent_mza/pipolin_ent_mza	protein_ordered_pipolin_ent_mza_1	1	1	0.833	5.000	1	Clu87-mza1	mandatory	598	0.0	1473.800	1.000	1.000	1	598		
GCA_016454625.1	protein_ordered	QQJ14185.1	Clu87-mza1	3434	model_pipolin_ent_mza/pipolin_ent_mza	protein_ordered_pipolin_ent_mza_1	1	1	0.667	4.000	1	Clu87-mza1	mandatory	601	0.0	1440.100	0.995	0.990	1	595		
GCA_016454625.1	protein_ordered	QQJ13507.1	Clu91-mza2	3435	model_pipolin_ent_mza/pipolin_ent_mza	protein_ordered_pipolin_ent_mza_1	1	1	0.667	4.000	1	Clu91-mza2	mandatory	342	6.7e-230	760.100	1.000	1.000	1	342		
GCA_016454625.1	protein_ordered	QQJ13508.1	Clu90-mza3	3436	model_pipolin_ent_mza/pipolin_ent_mza	protein_ordered_pipolin_ent_mza_1	1	1	0.667	4.000	1	Clu90-mza3	mandatory	952	0.0	2246.300	1.000	1.000	1	952		
GCA_016454625.1	protein_ordered	QQJ13509.1	Clu110-mza4	3437	model_pipolin_ent_mza/pipolin_ent_mza	protein_ordered_pipolin_ent_mza_1	1	1	0.667	4.000	1	Clu110-mza4	mandatory	500	0.0	1178.200	1.000	1.000	1	500		
GCA_019803045.1	protein_ordered	QZE48341.1	Clu87-mza1	3536	model_pipolin_ent_mza/pipolin_ent_mza	protein_ordered_pipolin_ent_mza_1	1	1	0.833	5.000	1	Clu87-mza1	mandatory	598	0.0	1408.000	0.993	0.993	1	594		
GCA_019803045.1	protein_ordered	QZE48342.1	Clu91-mza2	3537	model_pipolin_ent_mza/pipolin_ent_mza	protein_ordered_pipolin_ent_mza_1	1	1	0.833	5.000	1	Clu91-mza2	mandatory	342	4e-226	748.000	1.000	1.000	1	342		
GCA_019803045.1	protein_ordered	QZE48343.1	Clu90-mza3	3538	model_pipolin_ent_mza/pipolin_ent_mza	protein_ordered_pipolin_ent_mza_1	1	1	0.833	5.000	1	Clu90-mza3	mandatory	952	0.0	2231.300	1.000	1.000	1	952		
GCA_019803045.1	protein_ordered	QZE48344.1	Clu110-mza4	3539	model_pipolin_ent_mza/pipolin_ent_mza	protein_ordered_pipolin_ent_mza_1	1	1	0.833	5.000	1	Clu110-mza4	mandatory	500	0.0	1152.900	1.000	1.000	1	500		
GCA_019803045.1	protein_ordered	QZE48345.1	Clu94-mza5	3540	model_pipolin_ent_mza/pipolin_ent_mza	protein_ordered_pipolin_ent_mza_1	1	1	0.833	5.000	1	Clu94-mza5	mandatory	679	0.0	1343.800	1.000	1.000	1	679		
GCA_020783235.1	protein_ordered	UEG39476.1	Clu94-mza5	1963	model_pipolin_ent_mza/pipolin_ent_mza	protein_ordered_pipolin_ent_mza_1	1	1	0.833	5.000	1	Clu94-mza5	mandatory	683	0.0	1527.600	1.000	1.000	1	683		
GCA_020783235.1	protein_ordered	UEG39477.1	Clu110-mza4	1964	model_pipolin_ent_mza/pipolin_ent_mza	protein_ordered_pipolin_ent_mza_1	1	1	0.833	5.000	1	Clu110-mza4	mandatory	500	0.0	1194.700	1.000	1.000	1	500		
GCA_020783235.1	protein_ordered	UEG39478.1	Clu90-mza3	1965	model_pipolin_ent_mza/pipolin_ent_mza	protein_ordered_pipolin_ent_mza_1	1	1	0.833	5.000	1	Clu90-mza3	mandatory	952	0.0	2296.200	1.000	1.000	1	952		
GCA_020783235.1	protein_ordered	UEG39479.1	Clu91-mza2	1966	model_pipolin_ent_mza/pipolin_ent_mza	protein_ordered_pipolin_ent_mza_1	1	1	0.833	5.000	1	Clu91-mza2	mandatory	342	2.3e-242	801.100	1.000	1.000	1	342		
GCA_020783235.1	protein_ordered	UEG39480.1	Clu87-mza1	1967	model_pipolin_ent_mza/pipolin_ent_mza	protein_ordered_pipolin_ent_mza_1	1	1	0.833	5.000	1	Clu87-mza1	mandatory	598	0.0	1461.800	1.000	1.000	1	598		
GCA_020423085.1	protein_ordered	UCP84307.1	Clu87-mza1	2453	model_pipolin_ent_mza/pipolin_ent_mza	protein_ordered_pipolin_ent_mza_1	1	1	0.667	4.000	1	Clu87-mza1	mandatory	621	1.5e-73	246.200	0.868	0.860	60	593		
GCA_020423085.1	protein_ordered	UCP84308.1	Clu91-mza2	2454	model_pipolin_ent_mza/pipolin_ent_mza	protein_ordered_pipolin_ent_mza_1	1	1	0.667	4.000	1	Clu91-mza2	mandatory	313	2.9e-25	87.200	0.655	0.722	82	307		
GCA_020423085.1	protein_ordered	UCP84309.1	Clu90-mza3	2455	model_pipolin_ent_mza/pipolin_ent_mza	protein_ordered_pipolin_ent_mza_1	1	1	0.667	4.000	1	Clu90-mza3	mandatory	919	4.4e-119	396.700	0.754	0.753	78	769		
GCA_020423085.1	protein_ordered	UCP84310.1	Clu110-mza4	2456	model_pipolin_ent_mza/pipolin_ent_mza	protein_ordered_pipolin_ent_mza_1	1	1	0.667	4.000	1	Clu110-mza4	mandatory	490	1.2e-91	305.600	0.968	0.969	6	480		
GCA_003073495.1	protein_ordered	AWE40266.1	Clu87-mza1	3908	model_pipolin_ent_mza/pipolin_ent_mza	protein_ordered_pipolin_ent_mza_1	1	1	0.833	5.000	1	Clu87-mza1	mandatory	601	0.0	1441.400	0.995	0.990	1	595		
GCA_003073495.1	protein_ordered	AWE40267.1	Clu91-mza2	3909	model_pipolin_ent_mza/pipolin_ent_mza	protein_ordered_pipolin_ent_mza_1	1	1	0.833	5.000	1	Clu91-mza2	mandatory	342	1.6e-232	769.000	1.000	1.000	1	342		
GCA_003073495.1	protein_ordered	AWE40268.1	Clu90-mza3	3910	model_pipolin_ent_mza/pipolin_ent_mza	protein_ordered_pipolin_ent_mza_1	1	1	0.833	5.000	1	Clu90-mza3	mandatory	952	0.0	2241.400	1.000	1.000	1	952		
GCA_003073495.1	protein_ordered	AWE40269.1	Clu110-mza4	3911	model_pipolin_ent_mza/pipolin_ent_mza	protein_ordered_pipolin_ent_mza_1	1	1	0.833	5.000	1	Clu110-mza4	mandatory	500	0.0	1177.900	1.000	1.000	1	500		
GCA_003073495.1	protein_ordered	AWE40270.1	Clu94-mza5	3912	model_pipolin_ent_mza/pipolin_ent_mza	protein_ordered_pipolin_ent_mza_1	1	1	0.833	5.000	1	Clu94-mza5	mandatory	631	0.0	1268.600	0.930	1.000	1	631		
GCA_016454425.1	protein_ordered	QQI59557.1	Clu94-mza5	649	model_pipolin_ent_mza/pipolin_ent_mza	protein_ordered_pipolin_ent_mza_1	1	1	0.667	4.000	1	Clu94-mza5	mandatory	679	0.0	1382.600	1.000	1.000	1	679		
GCA_016454425.1	protein_ordered	QQI59558.1	Clu110-mza4	650	model_pipolin_ent_mza/pipolin_ent_mza	protein_ordered_pipolin_ent_mza_1	1	1	0.667	4.000	1	Clu110-mza4	mandatory	500	0.0	1177.900	1.000	1.000	1	500		
GCA_016454425.1	protein_ordered	QQI59559.1	Clu90-mza3	651	model_pipolin_ent_mza/pipolin_ent_mza	protein_ordered_pipolin_ent_mza_1	1	1	0.667	4.000	1	Clu90-mza3	mandatory	952	0.0	2241.400	1.000	1.000	1	952		
GCA_016454425.1	protein_ordered	QQI59560.1	Clu91-mza2	652	model_pipolin_ent_mza/pipolin_ent_mza	protein_ordered_pipolin_ent_mza_1	1	1	0.667	4.000	1	Clu91-mza2	mandatory	342	1.5e-232	769.000	1.000	1.000	1	342		
GCA_021491615.1	protein_ordered	UIZ04493.1	Clu94-mza5	616	model_pipolin_ent_mza/pipolin_ent_mza	protein_ordered_pipolin_ent_mza_1	1	1	0.833	5.000	1	Clu94-mza5	mandatory	589	0.0	1186.900	0.872	1.000	1	589		
GCA_021491615.1	protein_ordered	UIZ04494.1	Clu110-mza4	617	model_pipolin_ent_mza/pipolin_ent_mza	protein_ordered_pipolin_ent_mza_1	1	1	0.833	5.000	1	Clu110-mza4	mandatory	500	0.0	1188.900	1.000	1.000	1	500		
GCA_021491615.1	protein_ordered	UIZ04495.1	Clu90-mza3	618	model_pipolin_ent_mza/pipolin_ent_mza	protein_ordered_pipolin_ent_mza_1	1	1	0.833	5.000	1	Clu90-mza3	mandatory	952	0.0	2243.500	1.000	1.000	1	952		
GCA_021491615.1	protein_ordered	UIZ04496.1	Clu91-mza2	619	model_pipolin_ent_mza/pipolin_ent_mza	protein_ordered_pipolin_ent_mza_1	1	1	0.833	5.000	1	Clu91-mza2	mandatory	342	1.8e-228	755.600	1.000	1.000	1	342		
GCA_021491615.1	protein_ordered	UIZ04497.1	Clu87-mza1	620	model_pipolin_ent_mza/pipolin_ent_mza	protein_ordered_pipolin_ent_mza_1	1	1	0.833	5.000	1	Clu87-mza1	mandatory	601	0.0	1432.600	0.995	0.990	1	595		
GCA_024758625.1	protein_ordered	UVO06924.1	Clu110-mza4	2573	model_pipolin_ent_mza/pipolin_ent_mza	protein_ordered_pipolin_ent_mza_1	1	1	0.667	4.000	1	Clu110-mza4	mandatory	491	4.1e-80	267.500	0.850	0.859	6	427		
GCA_024758625.1	protein_ordered	UVO06925.1	Clu90-mza3	2574	model_pipolin_ent_mza/pipolin_ent_mza	protein_ordered_pipolin_ent_mza_1	1	1	0.667	4.000	1	Clu90-mza3	mandatory	889	2.1e-130	434.200	0.702	0.706	94	721		
GCA_024758625.1	protein_ordered	UVO06926.1	Clu91-mza2	2575	model_pipolin_ent_mza/pipolin_ent_mza	protein_ordered_pipolin_ent_mza_1	1	1	0.667	4.000	1	Clu91-mza2	mandatory	322	1.3e-24	85.100	0.722	0.773	62	310		
GCA_024758625.1	protein_ordered	UVO06927.1	Clu87-mza1	2576	model_pipolin_ent_mza/pipolin_ent_mza	protein_ordered_pipolin_ent_mza_1	1	1	0.667	4.000	1	Clu87-mza1	mandatory	691	4.6e-80	267.700	0.918	0.799	30	581		
GCA_004768585.1	protein_ordered	QBY65704.1	Clu94-mza5	4437	model_pipolin_ent_mza/pipolin_ent_mza	protein_ordered_pipolin_ent_mza_1	1	1	0.833	5.000	1	Clu94-mza5	mandatory	631	0.0	1268.600	0.930	1.000	1	631		
GCA_004768585.1	protein_ordered	QBY65422.1	Clu110-mza4	4438	model_pipolin_ent_mza/pipolin_ent_mza	protein_ordered_pipolin_ent_mza_1	1	1	0.833	5.000	1	Clu110-mza4	mandatory	500	0.0	1177.900	1.000	1.000	1	500		
GCA_004768585.1	protein_ordered	QBY65423.1	Clu90-mza3	4439	model_pipolin_ent_mza/pipolin_ent_mza	protein_ordered_pipolin_ent_mza_1	1	1	0.833	5.000	1	Clu90-mza3	mandatory	952	0.0	2241.400	1.000	1.000	1	952		
GCA_004768585.1	protein_ordered	QBY65424.1	Clu91-mza2	4440	model_pipolin_ent_mza/pipolin_ent_mza	protein_ordered_pipolin_ent_mza_1	1	1	0.833	5.000	1	Clu91-mza2	mandatory	342	1.5e-232	769.000	1.000	1.000	1	342		
GCA_004768585.1	protein_ordered	QBY65705.1	Clu87-mza1	4441	model_pipolin_ent_mza/pipolin_ent_mza	protein_ordered_pipolin_ent_mza_1	1	1	0.833	5.000	1	Clu87-mza1	mandatory	601	0.0	1441.400	0.995	0.990	1	595		
GCA_002947235.1	protein_ordered	AVE50218.1	Clu87-mza1	2231	model_pipolin_ent_mza/pipolin_ent_mza	protein_ordered_pipolin_ent_mza_1	1	1	0.833	5.000	1	Clu87-mza1	mandatory	598	0.0	1391.300	0.992	0.992	1	593		
GCA_002947235.1	protein_ordered	AVE50219.1	Clu91-mza2	2232	model_pipolin_ent_mza/pipolin_ent_mza	protein_ordered_pipolin_ent_mza_1	1	1	0.833	5.000	1	Clu91-mza2	mandatory	342	1.4e-233	772.500	1.000	1.000	1	342		
GCA_002947235.1	protein_ordered	AVE50220.1	Clu90-mza3	2233	model_pipolin_ent_mza/pipolin_ent_mza	protein_ordered_pipolin_ent_mza_1	1	1	0.833	5.000	1	Clu90-mza3	mandatory	952	0.0	2221.300	1.000	1.000	1	952		
GCA_002947235.1	protein_ordered	AVE50221.1	Clu110-mza4	2234	model_pipolin_ent_mza/pipolin_ent_mza	protein_ordered_pipolin_ent_mza_1	1	1	0.833	5.000	1	Clu110-mza4	mandatory	500	0.0	1153.600	1.000	1.000	1	500		
GCA_002947235.1	protein_ordered	AVE50222.1	Clu94-mza5	2235	model_pipolin_ent_mza/pipolin_ent_mza	protein_ordered_pipolin_ent_mza_1	1	1	0.833	5.000	1	Clu94-mza5	mandatory	682	0.0	1358.000	0.999	1.000	1	682		
GCA_002880615.1	protein_ordered	AUO67828.1	Clu94-mza5	4809	model_pipolin_ent_mza/pipolin_ent_mza	protein_ordered_pipolin_ent_mza_1	1	1	0.833	5.000	1	Clu94-mza5	mandatory	678	0.0	1498.000	1.000	1.000	1	678		
GCA_002880615.1	protein_ordered	AUO68085.1	Clu110-mza4	4810	model_pipolin_ent_mza/pipolin_ent_mza	protein_ordered_pipolin_ent_mza_1	1	1	0.833	5.000	1	Clu110-mza4	mandatory	487	0.0	1166.700	0.974	1.000	1	487		
GCA_002880615.1	protein_ordered	AUO67829.1	Clu90-mza3	4811	model_pipolin_ent_mza/pipolin_ent_mza	protein_ordered_pipolin_ent_mza_1	1	1	0.833	5.000	1	Clu90-mza3	mandatory	952	0.0	2304.000	1.000	1.000	1	952		
GCA_002880615.1	protein_ordered	AUO67830.1	Clu91-mza2	4812	model_pipolin_ent_mza/pipolin_ent_mza	protein_ordered_pipolin_ent_mza_1	1	1	0.833	5.000	1	Clu91-mza2	mandatory	342	2.8e-245	810.900	1.000	1.000	1	342		
GCA_002880615.1	protein_ordered	AUO67831.1	Clu87-mza1	4813	model_pipolin_ent_mza/pipolin_ent_mza	protein_ordered_pipolin_ent_mza_1	1	1	0.833	5.000	1	Clu87-mza1	mandatory	598	0.0	1443.500	0.992	0.992	1	593		
GCA_905232425.2	protein_ordered	CAH3414922.1	Clu110-mza4	424	model_pipolin_ent_mza/pipolin_ent_mza	protein_ordered_pipolin_ent_mza_1	1	1	0.667	4.000	1	Clu110-mza4	mandatory	496	7.9e-72	240.400	0.852	0.847	5	424		
GCA_905232425.2	protein_ordered	CAH3415000.1	Clu90-mza3	425	model_pipolin_ent_mza/pipolin_ent_mza	protein_ordered_pipolin_ent_mza_1	1	1	0.667	4.000	1	Clu90-mza3	mandatory	917	4.1e-112	373.800	0.891	0.882	85	893		
GCA_905232425.2	protein_ordered	CAH3415077.1	Clu91-mza2	426	model_pipolin_ent_mza/pipolin_ent_mza	protein_ordered_pipolin_ent_mza_1	1	1	0.667	4.000	1	Clu91-mza2	mandatory	322	2.3e-21	74.500	0.664	0.708	79	306		
GCA_905232425.2	protein_ordered	CAH3415079.1	Clu87-mza1	427	model_pipolin_ent_mza/pipolin_ent_mza	protein_ordered_pipolin_ent_mza_1	1	1	0.667	4.000	1	Clu87-mza1	mandatory	687	2.5e-74	248.900	0.863	0.771	61	590		
GCA_001676825.1	protein_ordered	ANN51794.1	Clu87-mza1	1770	model_pipolin_ent_mza/pipolin_ent_mza	protein_ordered_pipolin_ent_mza_1	1	1	0.833	5.000	1	Clu87-mza1	mandatory	601	0.0	1435.300	0.995	0.990	1	595		
GCA_001676825.1	protein_ordered	ANN51795.1	Clu91-mza2	1771	model_pipolin_ent_mza/pipolin_ent_mza	protein_ordered_pipolin_ent_mza_1	1	1	0.833	5.000	1	Clu91-mza2	mandatory	342	1.3e-227	752.900	1.000	1.000	1	342		
GCA_001676825.1	protein_ordered	ANN51796.1	Clu90-mza3	1772	model_pipolin_ent_mza/pipolin_ent_mza	protein_ordered_pipolin_ent_mza_1	1	1	0.833	5.000	1	Clu90-mza3	mandatory	952	0.0	2244.800	1.000	1.000	1	952		
GCA_001676825.1	protein_ordered	ANN51797.1	Clu110-mza4	1773	model_pipolin_ent_mza/pipolin_ent_mza	protein_ordered_pipolin_ent_mza_1	1	1	0.833	5.000	1	Clu110-mza4	mandatory	500	0.0	1188.900	1.000	1.000	1	500		
GCA_001676825.1	protein_ordered	ANN51798.1	Clu94-mza5	1774	model_pipolin_ent_mza/pipolin_ent_mza	protein_ordered_pipolin_ent_mza_1	1	1	0.833	5.000	1	Clu94-mza5	mandatory	677	0.0	1387.400	1.000	1.000	1	677		
GCA_023098635.2	protein_ordered	UUJ94796.1	Clu1-GpiPolB	1246	model_pipolin_ent_mza/pipolin_ent_mza	protein_ordered_pipolin_ent_mza_1	1	1	1.000	6.000	1	Clu1-GpiPolB	mandatory	872	0.0	1188.000	0.912	0.947	45	870		
GCA_023098635.2	protein_ordered	UUJ94809.1	Clu94-mza5	1260	model_pipolin_ent_mza/pipolin_ent_mza	protein_ordered_pipolin_ent_mza_1	1	1	1.000	6.000	1	Clu94-mza5	mandatory	683	0.0	1564.200	1.000	1.000	1	683		
GCA_023098635.2	protein_ordered	UUJ94810.1	Clu110-mza4	1261	model_pipolin_ent_mza/pipolin_ent_mza	protein_ordered_pipolin_ent_mza_1	1	1	1.000	6.000	1	Clu110-mza4	mandatory	500	0.0	1221.000	1.000	1.000	1	500		
GCA_023098635.2	protein_ordered	UUJ94811.1	Clu90-mza3	1262	model_pipolin_ent_mza/pipolin_ent_mza	protein_ordered_pipolin_ent_mza_1	1	1	1.000	6.000	1	Clu90-mza3	mandatory	952	0.0	2328.400	1.000	1.000	1	952		
GCA_023098635.2	protein_ordered	UUJ94812.1	Clu91-mza2	1263	model_pipolin_ent_mza/pipolin_ent_mza	protein_ordered_pipolin_ent_mza_1	1	1	1.000	6.000	1	Clu91-mza2	mandatory	342	2.9e-250	827.300	1.000	1.000	1	342		
GCA_023098635.2	protein_ordered	UUJ94813.1	Clu87-mza1	1264	model_pipolin_ent_mza/pipolin_ent_mza	protein_ordered_pipolin_ent_mza_1	1	1	1.000	6.000	1	Clu87-mza1	mandatory	598	0.0	1463.100	1.000	1.000	1	598		
GCA_020783255.1	protein_ordered	UEG40298.1	Clu87-mza1	2703	model_pipolin_ent_mza/pipolin_ent_mza	protein_ordered_pipolin_ent_mza_1	1	1	0.833	5.000	1	Clu87-mza1	mandatory	627	0.0	1461.500	1.000	0.954	30	627		
GCA_020783255.1	protein_ordered	UEG40299.1	Clu91-mza2	2704	model_pipolin_ent_mza/pipolin_ent_mza	protein_ordered_pipolin_ent_mza_1	1	1	0.833	5.000	1	Clu91-mza2	mandatory	342	2.4e-242	801.100	1.000	1.000	1	342		
GCA_020783255.1	protein_ordered	UEG40300.1	Clu90-mza3	2705	model_pipolin_ent_mza/pipolin_ent_mza	protein_ordered_pipolin_ent_mza_1	1	1	0.833	5.000	1	Clu90-mza3	mandatory	952	0.0	2296.200	1.000	1.000	1	952		
GCA_020783255.1	protein_ordered	UEG40301.1	Clu110-mza4	2706	model_pipolin_ent_mza/pipolin_ent_mza	protein_ordered_pipolin_ent_mza_1	1	1	0.833	5.000	1	Clu110-mza4	mandatory	500	0.0	1194.700	1.000	1.000	1	500		
GCA_020783255.1	protein_ordered	UEG40302.1	Clu94-mza5	2707	model_pipolin_ent_mza/pipolin_ent_mza	protein_ordered_pipolin_ent_mza_1	1	1	0.833	5.000	1	Clu94-mza5	mandatory	683	0.0	1527.600	1.000	1.000	1	683		
GCA_003030105.1	protein_ordered	AVS10780.1	Clu87-mza1	1086	model_pipolin_ent_mza/pipolin_ent_mza	protein_ordered_pipolin_ent_mza_1	1	1	0.833	5.000	1	Clu87-mza1	mandatory	601	0.0	1441.400	0.995	0.990	1	595		
GCA_003030105.1	protein_ordered	AVS10781.1	Clu91-mza2	1087	model_pipolin_ent_mza/pipolin_ent_mza	protein_ordered_pipolin_ent_mza_1	1	1	0.833	5.000	1	Clu91-mza2	mandatory	342	1.6e-232	769.000	1.000	1.000	1	342		
GCA_003030105.1	protein_ordered	AVS10782.1	Clu90-mza3	1088	model_pipolin_ent_mza/pipolin_ent_mza	protein_ordered_pipolin_ent_mza_1	1	1	0.833	5.000	1	Clu90-mza3	mandatory	952	0.0	2241.400	1.000	1.000	1	952		
GCA_003030105.1	protein_ordered	AVS10783.1	Clu110-mza4	1089	model_pipolin_ent_mza/pipolin_ent_mza	protein_ordered_pipolin_ent_mza_1	1	1	0.833	5.000	1	Clu110-mza4	mandatory	500	0.0	1177.900	1.000	1.000	1	500		
GCA_003030105.1	protein_ordered	AVS10784.1	Clu94-mza5	1090	model_pipolin_ent_mza/pipolin_ent_mza	protein_ordered_pipolin_ent_mza_1	1	1	0.833	5.000	1	Clu94-mza5	mandatory	631	0.0	1268.600	0.930	1.000	1	631		
GCA_002249995.1	protein_ordered	AST81100.1	Clu87-mza1	3711	model_pipolin_ent_mza/pipolin_ent_mza	protein_ordered_pipolin_ent_mza_1	1	1	0.833	5.000	1	Clu87-mza1	mandatory	598	0.0	1410.600	0.993	0.993	1	594		
GCA_002249995.1	protein_ordered	AST81101.1	Clu91-mza2	3712	model_pipolin_ent_mza/pipolin_ent_mza	protein_ordered_pipolin_ent_mza_1	1	1	0.833	5.000	1	Clu91-mza2	mandatory	342	1.1e-224	743.300	1.000	1.000	1	342		
GCA_002249995.1	protein_ordered	AST81102.1	Clu90-mza3	3713	model_pipolin_ent_mza/pipolin_ent_mza	protein_ordered_pipolin_ent_mza_1	1	1	0.833	5.000	1	Clu90-mza3	mandatory	952	0.0	2222.600	1.000	1.000	1	952		
GCA_002249995.1	protein_ordered	AST81103.1	Clu110-mza4	3714	model_pipolin_ent_mza/pipolin_ent_mza	protein_ordered_pipolin_ent_mza_1	1	1	0.833	5.000	1	Clu110-mza4	mandatory	500	0.0	1141.000	1.000	1.000	1	500		
GCA_002249995.1	protein_ordered	AST81104.1	Clu94-mza5	3715	model_pipolin_ent_mza/pipolin_ent_mza	protein_ordered_pipolin_ent_mza_1	1	1	0.833	5.000	1	Clu94-mza5	mandatory	679	0.0	1336.900	1.000	1.000	1	679		
GCA_013791985.1	protein_ordered	QLZ50462.1	Clu94-mza5	1687	model_pipolin_ent_mza/pipolin_ent_mza	protein_ordered_pipolin_ent_mza_1	1	1	0.833	5.000	1	Clu94-mza5	mandatory	683	0.0	1561.400	1.000	1.000	1	683		
GCA_013791985.1	protein_ordered	QLZ50463.1	Clu110-mza4	1688	model_pipolin_ent_mza/pipolin_ent_mza	protein_ordered_pipolin_ent_mza_1	1	1	0.833	5.000	1	Clu110-mza4	mandatory	500	0.0	1217.600	1.000	1.000	1	500		
GCA_013791985.1	protein_ordered	QLZ50464.1	Clu90-mza3	1689	model_pipolin_ent_mza/pipolin_ent_mza	protein_ordered_pipolin_ent_mza_1	1	1	0.833	5.000	1	Clu90-mza3	mandatory	952	0.0	2329.900	1.000	1.000	1	952		
GCA_013791985.1	protein_ordered	QLZ50465.1	Clu91-mza2	1690	model_pipolin_ent_mza/pipolin_ent_mza	protein_ordered_pipolin_ent_mza_1	1	1	0.833	5.000	1	Clu91-mza2	mandatory	342	2.5e-250	827.300	1.000	1.000	1	342		
GCA_013791985.1	protein_ordered	QLZ50466.1	Clu87-mza1	1691	model_pipolin_ent_mza/pipolin_ent_mza	protein_ordered_pipolin_ent_mza_1	1	1	0.833	5.000	1	Clu87-mza1	mandatory	598	0.0	1463.100	1.000	1.000	1	598		
GCA_019048065.1	protein_ordered	QXA98386.1	Clu94-mza5	1005	model_pipolin_ent_mza/pipolin_ent_mza	protein_ordered_pipolin_ent_mza_1	1	1	0.833	5.000	1	Clu94-mza5	mandatory	679	0.0	1336.900	1.000	1.000	1	679		
GCA_019048065.1	protein_ordered	QXA98387.1	Clu110-mza4	1006	model_pipolin_ent_mza/pipolin_ent_mza	protein_ordered_pipolin_ent_mza_1	1	1	0.833	5.000	1	Clu110-mza4	mandatory	500	0.0	1141.000	1.000	1.000	1	500		
GCA_019048065.1	protein_ordered	QXA98388.1	Clu90-mza3	1007	model_pipolin_ent_mza/pipolin_ent_mza	protein_ordered_pipolin_ent_mza_1	1	1	0.833	5.000	1	Clu90-mza3	mandatory	952	0.0	2222.700	1.000	1.000	1	952		
GCA_019048065.1	protein_ordered	QXA98389.1	Clu91-mza2	1008	model_pipolin_ent_mza/pipolin_ent_mza	protein_ordered_pipolin_ent_mza_1	1	1	0.833	5.000	1	Clu91-mza2	mandatory	342	9.5e-225	743.300	1.000	1.000	1	342		
GCA_019048065.1	protein_ordered	QXA98390.1	Clu87-mza1	1009	model_pipolin_ent_mza/pipolin_ent_mza	protein_ordered_pipolin_ent_mza_1	1	1	0.833	5.000	1	Clu87-mza1	mandatory	598	0.0	1410.600	0.993	0.993	1	594		
GCA_024971795.1	protein_ordered	UWH38183.1	Clu1-GpiPolB	680	model_pipolin_ent_mza/pipolin_ent_mza	protein_ordered_pipolin_ent_mza_1	1	1	1.000	6.000	1	Clu1-GpiPolB	mandatory	866	0.0	1198.500	0.912	0.947	45	864		
GCA_024971795.1	protein_ordered	UWH38197.1	Clu94-mza5	694	model_pipolin_ent_mza/pipolin_ent_mza	protein_ordered_pipolin_ent_mza_1	1	1	1.000	6.000	1	Clu94-mza5	mandatory	683	0.0	1564.200	1.000	1.000	1	683		
GCA_024971795.1	protein_ordered	UWH38198.1	Clu110-mza4	695	model_pipolin_ent_mza/pipolin_ent_mza	protein_ordered_pipolin_ent_mza_1	1	1	1.000	6.000	1	Clu110-mza4	mandatory	500	0.0	1215.700	1.000	1.000	1	500		
GCA_024971795.1	protein_ordered	UWH38199.1	Clu90-mza3	696	model_pipolin_ent_mza/pipolin_ent_mza	protein_ordered_pipolin_ent_mza_1	1	1	1.000	6.000	1	Clu90-mza3	mandatory	952	0.0	2321.500	1.000	1.000	1	952		
GCA_024971795.1	protein_ordered	UWH38200.1	Clu91-mza2	697	model_pipolin_ent_mza/pipolin_ent_mza	protein_ordered_pipolin_ent_mza_1	1	1	1.000	6.000	1	Clu91-mza2	mandatory	342	2.5e-249	824.100	1.000	1.000	1	342		
GCA_024971795.1	protein_ordered	UWH38201.1	Clu87-mza1	698	model_pipolin_ent_mza/pipolin_ent_mza	protein_ordered_pipolin_ent_mza_1	1	1	1.000	6.000	1	Clu87-mza1	mandatory	598	0.0	1463.100	1.000	1.000	1	598		
GCA_003812745.1	protein_ordered	AYZ31342.1	Clu110-mza4	1802	model_pipolin_ent_mza/pipolin_ent_mza	protein_ordered_pipolin_ent_mza_1	1	1	0.667	4.000	1	Clu110-mza4	mandatory	496	8.8e-72	240.100	0.852	0.847	5	424		
GCA_003812745.1	protein_ordered	AYZ31343.1	Clu90-mza3	1803	model_pipolin_ent_mza/pipolin_ent_mza	protein_ordered_pipolin_ent_mza_1	1	1	0.667	4.000	1	Clu90-mza3	mandatory	781	1.8e-98	328.600	0.838	0.969	1	757		
GCA_003812745.1	protein_ordered	AYZ31344.1	Clu91-mza2	1804	model_pipolin_ent_mza/pipolin_ent_mza	protein_ordered_pipolin_ent_mza_1	1	1	0.667	4.000	1	Clu91-mza2	mandatory	327	2.2e-21	74.500	0.664	0.697	84	311		
GCA_003812745.1	protein_ordered	AYZ31345.1	Clu87-mza1	1805	model_pipolin_ent_mza/pipolin_ent_mza	protein_ordered_pipolin_ent_mza_1	1	1	0.667	4.000	1	Clu87-mza1	mandatory	687	1.3e-73	246.400	0.863	0.771	61	590		
GCA_015238615.1	protein_ordered	QOX69114.1	Clu94-mza5	659	model_pipolin_ent_mza/pipolin_ent_mza	protein_ordered_pipolin_ent_mza_1	1	1	0.833	5.000	1	Clu94-mza5	mandatory	677	0.0	1387.400	1.000	1.000	1	677		
GCA_015238615.1	protein_ordered	QOX69115.1	Clu110-mza4	660	model_pipolin_ent_mza/pipolin_ent_mza	protein_ordered_pipolin_ent_mza_1	1	1	0.833	5.000	1	Clu110-mza4	mandatory	500	0.0	1188.900	1.000	1.000	1	500		
GCA_015238615.1	protein_ordered	QOX69116.1	Clu90-mza3	661	model_pipolin_ent_mza/pipolin_ent_mza	protein_ordered_pipolin_ent_mza_1	1	1	0.833	5.000	1	Clu90-mza3	mandatory	952	0.0	2246.500	1.000	1.000	1	952		
GCA_015238615.1	protein_ordered	QOX69117.1	Clu91-mza2	662	model_pipolin_ent_mza/pipolin_ent_mza	protein_ordered_pipolin_ent_mza_1	1	1	0.833	5.000	1	Clu91-mza2	mandatory	342	1.9e-228	755.600	1.000	1.000	1	342		
GCA_015238615.1	protein_ordered	QOX69118.1	Clu87-mza1	663	model_pipolin_ent_mza/pipolin_ent_mza	protein_ordered_pipolin_ent_mza_1	1	1	0.833	5.000	1	Clu87-mza1	mandatory	601	0.0	1436.200	0.995	0.990	1	595		
GCA_016452105.1	protein_ordered	QQH76808.1	Clu87-mza1	3997	model_pipolin_ent_mza/pipolin_ent_mza	protein_ordered_pipolin_ent_mza_1	1	1	0.833	5.000	1	Clu87-mza1	mandatory	601	0.0	1441.400	0.995	0.990	1	595		
GCA_016452105.1	protein_ordered	QQH76809.1	Clu91-mza2	3998	model_pipolin_ent_mza/pipolin_ent_mza	protein_ordered_pipolin_ent_mza_1	1	1	0.833	5.000	1	Clu91-mza2	mandatory	342	1.5e-232	769.000	1.000	1.000	1	342		
GCA_016452105.1	protein_ordered	QQH76810.1	Clu90-mza3	3999	model_pipolin_ent_mza/pipolin_ent_mza	protein_ordered_pipolin_ent_mza_1	1	1	0.833	5.000	1	Clu90-mza3	mandatory	952	0.0	2241.400	1.000	1.000	1	952		
GCA_016452105.1	protein_ordered	QQH76811.1	Clu110-mza4	4000	model_pipolin_ent_mza/pipolin_ent_mza	protein_ordered_pipolin_ent_mza_1	1	1	0.833	5.000	1	Clu110-mza4	mandatory	500	0.0	1177.900	1.000	1.000	1	500		
GCA_016452105.1	protein_ordered	QQH76812.1	Clu94-mza5	4001	model_pipolin_ent_mza/pipolin_ent_mza	protein_ordered_pipolin_ent_mza_1	1	1	0.833	5.000	1	Clu94-mza5	mandatory	679	0.0	1382.600	1.000	1.000	1	679		
GCA_001729265.2	protein_ordered	UBU79928.1	Clu87-mza1	2900	model_pipolin_ent_mza/pipolin_ent_mza	protein_ordered_pipolin_ent_mza_1	1	1	0.667	4.000	1	Clu87-mza1	mandatory	610	9.2e-77	256.400	0.910	0.915	35	592		
GCA_001729265.2	protein_ordered	UBU79929.1	Clu91-mza2	2901	model_pipolin_ent_mza/pipolin_ent_mza	protein_ordered_pipolin_ent_mza_1	1	1	0.667	4.000	1	Clu91-mza2	mandatory	313	1.2e-22	78.200	0.731	0.805	54	305		
GCA_001729265.2	protein_ordered	UBU79930.1	Clu90-mza3	2902	model_pipolin_ent_mza/pipolin_ent_mza	protein_ordered_pipolin_ent_mza_1	1	1	0.667	4.000	1	Clu90-mza3	mandatory	927	8.2e-119	395.500	0.772	0.768	73	784		
GCA_001729265.2	protein_ordered	AOP44256.1	Clu110-mza4	2903	model_pipolin_ent_mza/pipolin_ent_mza	protein_ordered_pipolin_ent_mza_1	1	1	0.667	4.000	1	Clu110-mza4	mandatory	489	2.5e-90	300.900	0.966	0.967	6	478		
GCA_023184555.1	protein_ordered	UPQ39064.1	Clu87-mza1	3387	model_pipolin_ent_mza/pipolin_ent_mza	protein_ordered_pipolin_ent_mza_1	1	1	0.667	4.000	1	Clu87-mza1	mandatory	600	1.5e-86	288.900	0.943	0.948	14	582		
GCA_023184555.1	protein_ordered	UPQ39065.1	Clu91-mza2	3388	model_pipolin_ent_mza/pipolin_ent_mza	protein_ordered_pipolin_ent_mza_1	1	1	0.667	4.000	1	Clu91-mza2	mandatory	326	8e-17	59.300	0.722	0.764	65	313		
GCA_023184555.1	protein_ordered	UPQ39066.1	Clu90-mza3	3389	model_pipolin_ent_mza/pipolin_ent_mza	protein_ordered_pipolin_ent_mza_1	1	1	0.667	4.000	1	Clu90-mza3	mandatory	884	6.5e-126	419.100	0.704	0.707	91	715		
GCA_023184555.1	protein_ordered	UPQ39067.1	Clu110-mza4	3390	model_pipolin_ent_mza/pipolin_ent_mza	protein_ordered_pipolin_ent_mza_1	1	1	0.667	4.000	1	Clu110-mza4	mandatory	491	1.2e-83	279.000	0.964	0.969	7	482		
GCA_006385915.1	protein_ordered	QDE48623.1	Clu87-mza1	476	model_pipolin_ent_mza/pipolin_ent_mza	protein_ordered_pipolin_ent_mza_1	1	1	0.667	4.000	1	Clu87-mza1	mandatory	622	3.5e-74	248.300	0.866	0.857	59	591		
GCA_006385915.1	protein_ordered	QDE48624.1	Clu91-mza2	477	model_pipolin_ent_mza/pipolin_ent_mza	protein_ordered_pipolin_ent_mza_1	1	1	0.667	4.000	1	Clu91-mza2	mandatory	313	1.7e-24	84.700	0.725	0.799	58	307		
GCA_006385915.1	protein_ordered	QDE48625.1	Clu90-mza3	478	model_pipolin_ent_mza/pipolin_ent_mza	protein_ordered_pipolin_ent_mza_1	1	1	0.667	4.000	1	Clu90-mza3	mandatory	919	2.6e-121	404.100	0.764	0.763	77	777		
GCA_006385915.1	protein_ordered	QDE48626.1	Clu110-mza4	479	model_pipolin_ent_mza/pipolin_ent_mza	protein_ordered_pipolin_ent_mza_1	1	1	0.667	4.000	1	Clu110-mza4	mandatory	490	7.9e-87	289.700	0.968	0.969	6	480		
GCA_024585805.1	protein_ordered	UUQ21351.1	Clu94-mza5	2060	model_pipolin_ent_mza/pipolin_ent_mza	protein_ordered_pipolin_ent_mza_1	1	1	0.833	5.000	1	Clu94-mza5	mandatory	683	0.0	1563.700	1.000	1.000	1	683		
GCA_024585805.1	protein_ordered	UUQ21353.1	Clu110-mza4	2062	model_pipolin_ent_mza/pipolin_ent_mza	protein_ordered_pipolin_ent_mza_1	1	1	0.833	5.000	1	Clu110-mza4	mandatory	264	5.4e-190	630.100	0.528	1.000	1	264		
GCA_024585805.1	protein_ordered	UUQ21354.1	Clu90-mza3	2063	model_pipolin_ent_mza/pipolin_ent_mza	protein_ordered_pipolin_ent_mza_1	1	1	0.833	5.000	1	Clu90-mza3	mandatory	952	0.0	2321.200	1.000	1.000	1	952		
GCA_024585805.1	protein_ordered	UUQ21355.1	Clu91-mza2	2064	model_pipolin_ent_mza/pipolin_ent_mza	protein_ordered_pipolin_ent_mza_1	1	1	0.833	5.000	1	Clu91-mza2	mandatory	342	2.6e-250	827.300	1.000	1.000	1	342		
GCA_024585805.1	protein_ordered	UUQ21356.1	Clu87-mza1	2065	model_pipolin_ent_mza/pipolin_ent_mza	protein_ordered_pipolin_ent_mza_1	1	1	0.833	5.000	1	Clu87-mza1	mandatory	598	0.0	1463.100	1.000	1.000	1	598		
GCA_001457675.1	protein_ordered	CRY87744.1	Clu87-mza1	3079	model_pipolin_ent_mza/pipolin_ent_mza	protein_ordered_pipolin_ent_mza_1	1	1	0.833	5.000	1	Clu87-mza1	mandatory	601	0.0	1441.400	0.995	0.990	1	595		
GCA_001457675.1	protein_ordered	CRY87745.1	Clu91-mza2	3080	model_pipolin_ent_mza/pipolin_ent_mza	protein_ordered_pipolin_ent_mza_1	1	1	0.833	5.000	1	Clu91-mza2	mandatory	342	1.4e-232	769.000	1.000	1.000	1	342		
GCA_001457675.1	protein_ordered	CRY87746.1	Clu90-mza3	3081	model_pipolin_ent_mza/pipolin_ent_mza	protein_ordered_pipolin_ent_mza_1	1	1	0.833	5.000	1	Clu90-mza3	mandatory	952	0.0	2241.400	1.000	1.000	1	952		
GCA_001457675.1	protein_ordered	CRY87747.1	Clu110-mza4	3082	model_pipolin_ent_mza/pipolin_ent_mza	protein_ordered_pipolin_ent_mza_1	1	1	0.833	5.000	1	Clu110-mza4	mandatory	500	0.0	1177.900	1.000	1.000	1	500		
GCA_001457675.1	protein_ordered	CRY87748.1	Clu94-mza5	3083	model_pipolin_ent_mza/pipolin_ent_mza	protein_ordered_pipolin_ent_mza_1	1	1	0.833	5.000	1	Clu94-mza5	mandatory	679	0.0	1382.600	1.000	1.000	1	679		
GCA_013344545.1	protein_ordered	BBN78946.1	Clu87-mza1	3761	model_pipolin_ent_mza/pipolin_ent_mza	protein_ordered_pipolin_ent_mza_1	1	1	0.833	5.000	1	Clu87-mza1	mandatory	601	0.0	1441.400	0.995	0.990	1	595		
GCA_013344545.1	protein_ordered	BBN78947.1	Clu91-mza2	3762	model_pipolin_ent_mza/pipolin_ent_mza	protein_ordered_pipolin_ent_mza_1	1	1	0.833	5.000	1	Clu91-mza2	mandatory	342	1.5e-232	769.000	1.000	1.000	1	342		
GCA_013344545.1	protein_ordered	BBN78948.1	Clu90-mza3	3763	model_pipolin_ent_mza/pipolin_ent_mza	protein_ordered_pipolin_ent_mza_1	1	1	0.833	5.000	1	Clu90-mza3	mandatory	952	0.0	2241.400	1.000	1.000	1	952		
GCA_013344545.1	protein_ordered	BBN78949.1	Clu110-mza4	3764	model_pipolin_ent_mza/pipolin_ent_mza	protein_ordered_pipolin_ent_mza_1	1	1	0.833	5.000	1	Clu110-mza4	mandatory	500	0.0	1177.900	1.000	1.000	1	500		
GCA_013344545.1	protein_ordered	BBN78950.1	Clu94-mza5	3765	model_pipolin_ent_mza/pipolin_ent_mza	protein_ordered_pipolin_ent_mza_1	1	1	0.833	5.000	1	Clu94-mza5	mandatory	679	0.0	1382.600	1.000	1.000	1	679		
GCA_003111785.1	protein_ordered	AWI98415.1	Clu94-mza5	273	model_pipolin_ent_mza/pipolin_ent_mza	protein_ordered_pipolin_ent_mza_1	1	1	0.833	5.000	1	Clu94-mza5	mandatory	683	0.0	1564.200	1.000	1.000	1	683		
GCA_003111785.1	protein_ordered	AWI98416.1	Clu110-mza4	274	model_pipolin_ent_mza/pipolin_ent_mza	protein_ordered_pipolin_ent_mza_1	1	1	0.833	5.000	1	Clu110-mza4	mandatory	500	0.0	1215.700	1.000	1.000	1	500		
GCA_003111785.1	protein_ordered	AWI98417.1	Clu90-mza3	275	model_pipolin_ent_mza/pipolin_ent_mza	protein_ordered_pipolin_ent_mza_1	1	1	0.833	5.000	1	Clu90-mza3	mandatory	952	0.0	2323.300	1.000	1.000	1	952		
GCA_003111785.1	protein_ordered	AWI98418.1	Clu91-mza2	276	model_pipolin_ent_mza/pipolin_ent_mza	protein_ordered_pipolin_ent_mza_1	1	1	0.833	5.000	1	Clu91-mza2	mandatory	342	1.8e-249	824.700	1.000	1.000	1	342		
GCA_003111785.1	protein_ordered	AWI98419.1	Clu87-mza1	277	model_pipolin_ent_mza/pipolin_ent_mza	protein_ordered_pipolin_ent_mza_1	1	1	0.833	5.000	1	Clu87-mza1	mandatory	598	0.0	1458.300	1.000	1.000	1	598		
GCA_003204155.1	protein_ordered	AWS61514.1	Clu87-mza1	59	model_pipolin_ent_mza/pipolin_ent_mza	protein_ordered_pipolin_ent_mza_1	1	1	1.000	6.000	1	Clu87-mza1	mandatory	598	0.0	1460.500	1.000	1.000	1	598		
GCA_003204155.1	protein_ordered	AWS61515.1	Clu91-mza2	60	model_pipolin_ent_mza/pipolin_ent_mza	protein_ordered_pipolin_ent_mza_1	1	1	1.000	6.000	1	Clu91-mza2	mandatory	342	3.1e-250	827.300	1.000	1.000	1	342		
GCA_003204155.1	protein_ordered	AWS61516.1	Clu90-mza3	61	model_pipolin_ent_mza/pipolin_ent_mza	protein_ordered_pipolin_ent_mza_1	1	1	1.000	6.000	1	Clu90-mza3	mandatory	952	0.0	2328.400	1.000	1.000	1	952		
GCA_003204155.1	protein_ordered	AWS61517.1	Clu110-mza4	62	model_pipolin_ent_mza/pipolin_ent_mza	protein_ordered_pipolin_ent_mza_1	1	1	1.000	6.000	1	Clu110-mza4	mandatory	500	0.0	1221.000	1.000	1.000	1	500		
GCA_003204155.1	protein_ordered	AWS61518.1	Clu94-mza5	63	model_pipolin_ent_mza/pipolin_ent_mza	protein_ordered_pipolin_ent_mza_1	1	1	1.000	6.000	1	Clu94-mza5	mandatory	683	0.0	1564.200	1.000	1.000	1	683		
GCA_003204155.1	protein_ordered	AWS61531.1	Clu1-GpiPolB	76	model_pipolin_ent_mza/pipolin_ent_mza	protein_ordered_pipolin_ent_mza_1	1	1	1.000	6.000	1	Clu1-GpiPolB	mandatory	866	0.0	1198.500	0.912	0.947	45	864		
GCA_003113455.3	protein_ordered	UCQ18235.1	Clu94-mza5	356	model_pipolin_ent_mza/pipolin_ent_mza	protein_ordered_pipolin_ent_mza_1	1	1	0.833	5.000	1	Clu94-mza5	mandatory	676	0.0	1362.100	0.999	1.000	1	676		
GCA_003113455.3	protein_ordered	UCQ18236.1	Clu110-mza4	357	model_pipolin_ent_mza/pipolin_ent_mza	protein_ordered_pipolin_ent_mza_1	1	1	0.833	5.000	1	Clu110-mza4	mandatory	500	0.0	1183.200	1.000	1.000	1	500		
GCA_003113455.3	protein_ordered	UCQ18237.1	Clu90-mza3	358	model_pipolin_ent_mza/pipolin_ent_mza	protein_ordered_pipolin_ent_mza_1	1	1	0.833	5.000	1	Clu90-mza3	mandatory	952	0.0	2245.600	1.000	1.000	1	952		
GCA_003113455.3	protein_ordered	UCQ18238.1	Clu91-mza2	359	model_pipolin_ent_mza/pipolin_ent_mza	protein_ordered_pipolin_ent_mza_1	1	1	0.833	5.000	1	Clu91-mza2	mandatory	342	9e-232	765.800	1.000	1.000	1	342		
GCA_003113455.3	protein_ordered	UCQ18239.1	Clu87-mza1	360	model_pipolin_ent_mza/pipolin_ent_mza	protein_ordered_pipolin_ent_mza_1	1	1	0.833	5.000	1	Clu87-mza1	mandatory	601	0.0	1438.900	0.995	0.990	1	595		
GCA_023023065.1	protein_ordered	UOZ12521.1	Clu87-mza1	2668	model_pipolin_ent_mza/pipolin_ent_mza	protein_ordered_pipolin_ent_mza_1	1	1	0.833	5.000	1	Clu87-mza1	mandatory	598	0.0	1449.700	1.000	1.000	1	598		
GCA_023023065.1	protein_ordered	UOZ12522.1	Clu91-mza2	2669	model_pipolin_ent_mza/pipolin_ent_mza	protein_ordered_pipolin_ent_mza_1	1	1	0.833	5.000	1	Clu91-mza2	mandatory	342	5.9e-231	763.700	1.000	1.000	1	342		
GCA_023023065.1	protein_ordered	UOZ12523.1	Clu90-mza3	2670	model_pipolin_ent_mza/pipolin_ent_mza	protein_ordered_pipolin_ent_mza_1	1	1	0.833	5.000	1	Clu90-mza3	mandatory	952	0.0	2243.900	1.000	1.000	1	952		
GCA_023023065.1	protein_ordered	UOZ12524.1	Clu110-mza4	2671	model_pipolin_ent_mza/pipolin_ent_mza	protein_ordered_pipolin_ent_mza_1	1	1	0.833	5.000	1	Clu110-mza4	mandatory	500	0.0	1183.200	1.000	1.000	1	500		
GCA_023023065.1	protein_ordered	UOZ12525.1	Clu94-mza5	2672	model_pipolin_ent_mza/pipolin_ent_mza	protein_ordered_pipolin_ent_mza_1	1	1	0.833	5.000	1	Clu94-mza5	mandatory	687	0.0	1551.700	1.000	1.000	1	687		
GCA_001572725.1	protein_ordered	AML55812.1	Clu87-mza1	49	model_pipolin_ent_mza/pipolin_ent_mza	protein_ordered_pipolin_ent_mza_1	1	1	0.833	5.000	1	Clu87-mza1	mandatory	598	0.0	1415.000	0.992	0.992	1	593		
GCA_001572725.1	protein_ordered	AML55813.1	Clu91-mza2	50	model_pipolin_ent_mza/pipolin_ent_mza	protein_ordered_pipolin_ent_mza_1	1	1	0.833	5.000	1	Clu91-mza2	mandatory	341	1.7e-228	755.500	0.991	0.994	2	340		
GCA_001572725.1	protein_ordered	AML55814.1	Clu90-mza3	51	model_pipolin_ent_mza/pipolin_ent_mza	protein_ordered_pipolin_ent_mza_1	1	1	0.833	5.000	1	Clu90-mza3	mandatory	952	0.0	2238.900	1.000	1.000	1	952		
GCA_001572725.1	protein_ordered	AML55815.1	Clu110-mza4	52	model_pipolin_ent_mza/pipolin_ent_mza	protein_ordered_pipolin_ent_mza_1	1	1	0.833	5.000	1	Clu110-mza4	mandatory	500	0.0	1147.500	1.000	1.000	1	500		
GCA_001572725.1	protein_ordered	AML55816.1	Clu94-mza5	53	model_pipolin_ent_mza/pipolin_ent_mza	protein_ordered_pipolin_ent_mza_1	1	1	0.833	5.000	1	Clu94-mza5	mandatory	687	0.0	1338.400	0.999	1.000	1	687		
GCA_014169975.1	protein_ordered	QNB18914.1	Clu94-mza5	1084	model_pipolin_ent_mza/pipolin_ent_mza	protein_ordered_pipolin_ent_mza_1	1	1	0.833	5.000	1	Clu94-mza5	mandatory	683	0.0	1538.500	1.000	1.000	1	683		
GCA_014169975.1	protein_ordered	QNB18915.1	Clu110-mza4	1085	model_pipolin_ent_mza/pipolin_ent_mza	protein_ordered_pipolin_ent_mza_1	1	1	0.833	5.000	1	Clu110-mza4	mandatory	500	0.0	1178.600	1.000	1.000	1	500		
GCA_014169975.1	protein_ordered	QNB18916.1	Clu90-mza3	1086	model_pipolin_ent_mza/pipolin_ent_mza	protein_ordered_pipolin_ent_mza_1	1	1	0.833	5.000	1	Clu90-mza3	mandatory	952	0.0	2243.300	1.000	1.000	1	952		
GCA_014169975.1	protein_ordered	QNB18917.1	Clu91-mza2	1087	model_pipolin_ent_mza/pipolin_ent_mza	protein_ordered_pipolin_ent_mza_1	1	1	0.833	5.000	1	Clu91-mza2	mandatory	341	8.7e-228	753.300	1.000	1.000	1	341		
GCA_014169975.1	protein_ordered	QNB18918.1	Clu87-mza1	1088	model_pipolin_ent_mza/pipolin_ent_mza	protein_ordered_pipolin_ent_mza_1	1	1	0.833	5.000	1	Clu87-mza1	mandatory	598	0.0	1445.900	1.000	1.000	1	598		
GCA_018340215.1	protein_ordered	QVC80629.1	Clu87-mza1	3869	model_pipolin_ent_mza/pipolin_ent_mza	protein_ordered_pipolin_ent_mza_1	1	1	0.833	5.000	1	Clu87-mza1	mandatory	601	0.0	1440.100	0.995	0.990	1	595		
GCA_018340215.1	protein_ordered	QVC80630.1	Clu91-mza2	3870	model_pipolin_ent_mza/pipolin_ent_mza	protein_ordered_pipolin_ent_mza_1	1	1	0.833	5.000	1	Clu91-mza2	mandatory	342	3.9e-231	764.300	1.000	1.000	1	342		
GCA_018340215.1	protein_ordered	QVC80631.1	Clu90-mza3	3871	model_pipolin_ent_mza/pipolin_ent_mza	protein_ordered_pipolin_ent_mza_1	1	1	0.833	5.000	1	Clu90-mza3	mandatory	952	0.0	2240.900	1.000	1.000	1	952		
GCA_018340215.1	protein_ordered	QVC80632.1	Clu110-mza4	3872	model_pipolin_ent_mza/pipolin_ent_mza	protein_ordered_pipolin_ent_mza_1	1	1	0.833	5.000	1	Clu110-mza4	mandatory	500	0.0	1177.300	1.000	1.000	1	500		
GCA_018340215.1	protein_ordered	QVC80633.1	Clu94-mza5	3873	model_pipolin_ent_mza/pipolin_ent_mza	protein_ordered_pipolin_ent_mza_1	1	1	0.833	5.000	1	Clu94-mza5	mandatory	679	0.0	1384.300	1.000	1.000	1	679		
GCA_013376515.1	protein_ordered	QLA24699.1	Clu94-mza5	3097	model_pipolin_ent_mza/pipolin_ent_mza	protein_ordered_pipolin_ent_mza_1	1	1	0.833	5.000	1	Clu94-mza5	mandatory	683	0.0	1559.400	1.000	1.000	1	683		
GCA_013376515.1	protein_ordered	QLA24700.1	Clu110-mza4	3098	model_pipolin_ent_mza/pipolin_ent_mza	protein_ordered_pipolin_ent_mza_1	1	1	0.833	5.000	1	Clu110-mza4	mandatory	500	0.0	1215.800	1.000	1.000	1	500		
GCA_013376515.1	protein_ordered	QLA24701.1	Clu90-mza3	3099	model_pipolin_ent_mza/pipolin_ent_mza	protein_ordered_pipolin_ent_mza_1	1	1	0.833	5.000	1	Clu90-mza3	mandatory	952	0.0	2318.100	1.000	1.000	1	952		
GCA_013376515.1	protein_ordered	QLA24702.1	Clu91-mza2	3100	model_pipolin_ent_mza/pipolin_ent_mza	protein_ordered_pipolin_ent_mza_1	1	1	0.833	5.000	1	Clu91-mza2	mandatory	342	3.1e-249	823.700	1.000	1.000	1	342		
GCA_013376515.1	protein_ordered	QLA24703.1	Clu87-mza1	3101	model_pipolin_ent_mza/pipolin_ent_mza	protein_ordered_pipolin_ent_mza_1	1	1	0.833	5.000	1	Clu87-mza1	mandatory	598	0.0	1462.000	1.000	1.000	1	598		
GCA_016725825.1	protein_ordered	QQT40278.1	Clu94-mza5	4661	model_pipolin_ent_mza/pipolin_ent_mza	protein_ordered_pipolin_ent_mza_1	1	1	0.833	5.000	1	Clu94-mza5	mandatory	616	0.0	1242.400	0.911	1.000	1	616		
GCA_016725825.1	protein_ordered	QQT40279.1	Clu110-mza4	4662	model_pipolin_ent_mza/pipolin_ent_mza	protein_ordered_pipolin_ent_mza_1	1	1	0.833	5.000	1	Clu110-mza4	mandatory	500	0.0	1188.900	1.000	1.000	1	500		
GCA_016725825.1	protein_ordered	QQT40280.1	Clu90-mza3	4663	model_pipolin_ent_mza/pipolin_ent_mza	protein_ordered_pipolin_ent_mza_1	1	1	0.833	5.000	1	Clu90-mza3	mandatory	952	0.0	2243.500	1.000	1.000	1	952		
GCA_016725825.1	protein_ordered	QQT40281.1	Clu91-mza2	4664	model_pipolin_ent_mza/pipolin_ent_mza	protein_ordered_pipolin_ent_mza_1	1	1	0.833	5.000	1	Clu91-mza2	mandatory	342	1.7e-228	755.600	1.000	1.000	1	342		
GCA_016725825.1	protein_ordered	QQT40282.1	Clu87-mza1	4665	model_pipolin_ent_mza/pipolin_ent_mza	protein_ordered_pipolin_ent_mza_1	1	1	0.833	5.000	1	Clu87-mza1	mandatory	601	0.0	1436.200	0.995	0.990	1	595		
GCA_016903415.1	protein_ordered	QRS15536.1	Clu87-mza1	4926	model_pipolin_ent_mza/pipolin_ent_mza	protein_ordered_pipolin_ent_mza_1	1	1	0.833	5.000	1	Clu87-mza1	mandatory	602	0.0	1431.800	0.995	0.988	1	595		
GCA_016903415.1	protein_ordered	QRS15537.1	Clu91-mza2	4927	model_pipolin_ent_mza/pipolin_ent_mza	protein_ordered_pipolin_ent_mza_1	1	1	0.833	5.000	1	Clu91-mza2	mandatory	342	1e-234	776.300	1.000	1.000	1	342		
GCA_016903415.1	protein_ordered	QRS15538.1	Clu90-mza3	4928	model_pipolin_ent_mza/pipolin_ent_mza	protein_ordered_pipolin_ent_mza_1	1	1	0.833	5.000	1	Clu90-mza3	mandatory	952	0.0	2248.900	1.000	1.000	1	952		
GCA_016903415.1	protein_ordered	QRS15539.1	Clu110-mza4	4929	model_pipolin_ent_mza/pipolin_ent_mza	protein_ordered_pipolin_ent_mza_1	1	1	0.833	5.000	1	Clu110-mza4	mandatory	500	0.0	1181.900	1.000	1.000	1	500		
GCA_016903415.1	protein_ordered	QRS15540.1	Clu94-mza5	4930	model_pipolin_ent_mza/pipolin_ent_mza	protein_ordered_pipolin_ent_mza_1	1	1	0.833	5.000	1	Clu94-mza5	mandatory	689	0.0	1444.500	1.000	1.000	1	689		
GCA_006171285.1	protein_ordered	QCZ25595.1	Clu87-mza1	148	model_pipolin_ent_mza/pipolin_ent_mza	protein_ordered_pipolin_ent_mza_1	1	1	0.833	5.000	1	Clu87-mza1	mandatory	598	0.0	1472.700	1.000	1.000	1	598		
GCA_006171285.1	protein_ordered	QCZ25596.1	Clu91-mza2	149	model_pipolin_ent_mza/pipolin_ent_mza	protein_ordered_pipolin_ent_mza_1	1	1	0.833	5.000	1	Clu91-mza2	mandatory	342	1.1e-245	812.300	1.000	1.000	1	342		
GCA_006171285.1	protein_ordered	QCZ25597.1	Clu90-mza3	150	model_pipolin_ent_mza/pipolin_ent_mza	protein_ordered_pipolin_ent_mza_1	1	1	0.833	5.000	1	Clu90-mza3	mandatory	952	0.0	2294.600	1.000	1.000	1	952		
GCA_006171285.1	protein_ordered	QCZ25598.1	Clu110-mza4	151	model_pipolin_ent_mza/pipolin_ent_mza	protein_ordered_pipolin_ent_mza_1	1	1	0.833	5.000	1	Clu110-mza4	mandatory	500	0.0	1195.300	1.000	1.000	1	500		
GCA_006171285.1	protein_ordered	QCZ29920.1	Clu94-mza5	152	model_pipolin_ent_mza/pipolin_ent_mza	protein_ordered_pipolin_ent_mza_1	1	1	0.833	5.000	1	Clu94-mza5	mandatory	635	0.0	1425.700	0.930	1.000	1	635		
GCA_001646625.1	protein_ordered	ANF10390.1	Clu94-mza5	3218	model_pipolin_ent_mza/pipolin_ent_mza	protein_ordered_pipolin_ent_mza_1	1	1	0.833	5.000	1	Clu94-mza5	mandatory	677	0.0	1387.400	1.000	1.000	1	677		
GCA_001646625.1	protein_ordered	ANF10391.1	Clu110-mza4	3219	model_pipolin_ent_mza/pipolin_ent_mza	protein_ordered_pipolin_ent_mza_1	1	1	0.833	5.000	1	Clu110-mza4	mandatory	500	0.0	1188.900	1.000	1.000	1	500		
GCA_001646625.1	protein_ordered	ANF10392.1	Clu90-mza3	3220	model_pipolin_ent_mza/pipolin_ent_mza	protein_ordered_pipolin_ent_mza_1	1	1	0.833	5.000	1	Clu90-mza3	mandatory	952	0.0	2244.800	1.000	1.000	1	952		
GCA_001646625.1	protein_ordered	ANF10393.1	Clu91-mza2	3221	model_pipolin_ent_mza/pipolin_ent_mza	protein_ordered_pipolin_ent_mza_1	1	1	0.833	5.000	1	Clu91-mza2	mandatory	342	1.3e-227	752.900	1.000	1.000	1	342		
GCA_001646625.1	protein_ordered	ANF10394.1	Clu87-mza1	3222	model_pipolin_ent_mza/pipolin_ent_mza	protein_ordered_pipolin_ent_mza_1	1	1	0.833	5.000	1	Clu87-mza1	mandatory	601	0.0	1435.300	0.995	0.990	1	595		
GCA_001677515.1	protein_ordered	ANP07725.1	Clu87-mza1	2215	model_pipolin_ent_mza/pipolin_ent_mza	protein_ordered_pipolin_ent_mza_1	1	1	0.833	5.000	1	Clu87-mza1	mandatory	598	0.0	1463.100	1.000	1.000	1	598		
GCA_001677515.1	protein_ordered	ANP07726.1	Clu91-mza2	2216	model_pipolin_ent_mza/pipolin_ent_mza	protein_ordered_pipolin_ent_mza_1	1	1	0.833	5.000	1	Clu91-mza2	mandatory	342	3e-250	827.300	1.000	1.000	1	342		
GCA_001677515.1	protein_ordered	ANP07727.1	Clu90-mza3	2217	model_pipolin_ent_mza/pipolin_ent_mza	protein_ordered_pipolin_ent_mza_1	1	1	0.833	5.000	1	Clu90-mza3	mandatory	952	0.0	2329.900	1.000	1.000	1	952		
GCA_001677515.1	protein_ordered	ANP07729.1	Clu94-mza5	2219	model_pipolin_ent_mza/pipolin_ent_mza	protein_ordered_pipolin_ent_mza_1	1	1	0.833	5.000	1	Clu94-mza5	mandatory	683	0.0	1564.200	1.000	1.000	1	683		
GCA_001677515.1	protein_ordered	ANP07743.1	Clu1-GpiPolB	2233	model_pipolin_ent_mza/pipolin_ent_mza	protein_ordered_pipolin_ent_mza_1	1	1	0.833	5.000	1	Clu1-GpiPolB	mandatory	866	0.0	1196.500	0.912	0.947	45	864		
GCA_008807335.1	protein_ordered	QEY55885.1	Clu87-mza1	2691	model_pipolin_ent_mza/pipolin_ent_mza	protein_ordered_pipolin_ent_mza_1	1	1	0.833	5.000	1	Clu87-mza1	mandatory	591	0.0	1429.800	0.987	0.998	1	590		
GCA_008807335.1	protein_ordered	QEY55886.1	Clu91-mza2	2692	model_pipolin_ent_mza/pipolin_ent_mza	protein_ordered_pipolin_ent_mza_1	1	1	0.833	5.000	1	Clu91-mza2	mandatory	342	3.4e-234	774.300	1.000	1.000	1	342		
GCA_008807335.1	protein_ordered	QEY55887.1	Clu90-mza3	2693	model_pipolin_ent_mza/pipolin_ent_mza	protein_ordered_pipolin_ent_mza_1	1	1	0.833	5.000	1	Clu90-mza3	mandatory	952	0.0	2249.400	1.000	1.000	1	952		
GCA_008807335.1	protein_ordered	QEY55888.1	Clu110-mza4	2694	model_pipolin_ent_mza/pipolin_ent_mza	protein_ordered_pipolin_ent_mza_1	1	1	0.833	5.000	1	Clu110-mza4	mandatory	500	0.0	1145.400	0.998	0.998	1	499		
GCA_008807335.1	protein_ordered	QEY55889.1	Clu94-mza5	2695	model_pipolin_ent_mza/pipolin_ent_mza	protein_ordered_pipolin_ent_mza_1	1	1	0.833	5.000	1	Clu94-mza5	mandatory	687	0.0	1428.500	1.000	1.000	1	687		
GCA_016454665.1	protein_ordered	QQJ23642.1	Clu87-mza1	4005	model_pipolin_ent_mza/pipolin_ent_mza	protein_ordered_pipolin_ent_mza_1	1	1	0.833	5.000	1	Clu87-mza1	mandatory	601	0.0	1441.400	0.995	0.990	1	595		
GCA_016454665.1	protein_ordered	QQJ22900.1	Clu91-mza2	4006	model_pipolin_ent_mza/pipolin_ent_mza	protein_ordered_pipolin_ent_mza_1	1	1	0.833	5.000	1	Clu91-mza2	mandatory	342	1.5e-232	769.000	1.000	1.000	1	342		
GCA_016454665.1	protein_ordered	QQJ22901.1	Clu90-mza3	4007	model_pipolin_ent_mza/pipolin_ent_mza	protein_ordered_pipolin_ent_mza_1	1	1	0.833	5.000	1	Clu90-mza3	mandatory	952	0.0	2241.400	1.000	1.000	1	952		
GCA_016454665.1	protein_ordered	QQJ22902.1	Clu110-mza4	4008	model_pipolin_ent_mza/pipolin_ent_mza	protein_ordered_pipolin_ent_mza_1	1	1	0.833	5.000	1	Clu110-mza4	mandatory	500	0.0	1177.900	1.000	1.000	1	500		
GCA_016454665.1	protein_ordered	QQJ22903.1	Clu94-mza5	4009	model_pipolin_ent_mza/pipolin_ent_mza	protein_ordered_pipolin_ent_mza_1	1	1	0.833	5.000	1	Clu94-mza5	mandatory	679	0.0	1382.600	1.000	1.000	1	679		
GCA_001559075.2	protein_ordered	AMG91534.1	Clu87-mza1	615	model_pipolin_ent_mza/pipolin_ent_mza	protein_ordered_pipolin_ent_mza_1	1	1	0.833	5.000	1	Clu87-mza1	mandatory	598	0.0	1446.800	0.993	0.993	1	594		
GCA_001559075.2	protein_ordered	AMG91535.1	Clu91-mza2	616	model_pipolin_ent_mza/pipolin_ent_mza	protein_ordered_pipolin_ent_mza_1	1	1	0.833	5.000	1	Clu91-mza2	mandatory	342	5.4e-247	816.400	1.000	1.000	1	342		
GCA_001559075.2	protein_ordered	AMG91536.1	Clu90-mza3	617	model_pipolin_ent_mza/pipolin_ent_mza	protein_ordered_pipolin_ent_mza_1	1	1	0.833	5.000	1	Clu90-mza3	mandatory	952	0.0	2303.800	1.000	1.000	1	952		
GCA_001559075.2	protein_ordered	AMG91537.1	Clu110-mza4	618	model_pipolin_ent_mza/pipolin_ent_mza	protein_ordered_pipolin_ent_mza_1	1	1	0.833	5.000	1	Clu110-mza4	mandatory	500	0.0	1196.900	1.000	1.000	1	500		
GCA_001559075.2	protein_ordered	AMG91538.1	Clu94-mza5	619	model_pipolin_ent_mza/pipolin_ent_mza	protein_ordered_pipolin_ent_mza_1	1	1	0.833	5.000	1	Clu94-mza5	mandatory	681	0.0	1515.400	1.000	1.000	1	681		
GCA_024971815.1	protein_ordered	UWH33521.1	Clu1-GpiPolB	687	model_pipolin_ent_mza/pipolin_ent_mza	protein_ordered_pipolin_ent_mza_1	1	1	1.000	6.000	1	Clu1-GpiPolB	mandatory	866	0.0	1198.500	0.912	0.947	45	864		
GCA_024971815.1	protein_ordered	UWH33534.1	Clu94-mza5	701	model_pipolin_ent_mza/pipolin_ent_mza	protein_ordered_pipolin_ent_mza_1	1	1	1.000	6.000	1	Clu94-mza5	mandatory	683	0.0	1564.200	1.000	1.000	1	683		
GCA_024971815.1	protein_ordered	UWH33535.1	Clu110-mza4	702	model_pipolin_ent_mza/pipolin_ent_mza	protein_ordered_pipolin_ent_mza_1	1	1	1.000	6.000	1	Clu110-mza4	mandatory	500	0.0	1215.700	1.000	1.000	1	500		
GCA_024971815.1	protein_ordered	UWH33536.1	Clu90-mza3	703	model_pipolin_ent_mza/pipolin_ent_mza	protein_ordered_pipolin_ent_mza_1	1	1	1.000	6.000	1	Clu90-mza3	mandatory	952	0.0	2321.500	1.000	1.000	1	952		
GCA_024971815.1	protein_ordered	UWH33537.1	Clu91-mza2	704	model_pipolin_ent_mza/pipolin_ent_mza	protein_ordered_pipolin_ent_mza_1	1	1	1.000	6.000	1	Clu91-mza2	mandatory	342	2.5e-249	824.100	1.000	1.000	1	342		
GCA_024971815.1	protein_ordered	UWH33538.1	Clu87-mza1	705	model_pipolin_ent_mza/pipolin_ent_mza	protein_ordered_pipolin_ent_mza_1	1	1	1.000	6.000	1	Clu87-mza1	mandatory	598	0.0	1463.100	1.000	1.000	1	598		
GCA_014295235.1	protein_ordered	QNJ83069.1	Clu87-mza1	2412	model_pipolin_ent_mza/pipolin_ent_mza	protein_ordered_pipolin_ent_mza_1	1	1	0.833	5.000	1	Clu87-mza1	mandatory	598	0.0	1428.500	1.000	1.000	1	598		
GCA_014295235.1	protein_ordered	QNJ83070.1	Clu91-mza2	2413	model_pipolin_ent_mza/pipolin_ent_mza	protein_ordered_pipolin_ent_mza_1	1	1	0.833	5.000	1	Clu91-mza2	mandatory	342	5.3e-238	787.000	1.000	1.000	1	342		
GCA_014295235.1	protein_ordered	QNJ83071.1	Clu90-mza3	2414	model_pipolin_ent_mza/pipolin_ent_mza	protein_ordered_pipolin_ent_mza_1	1	1	0.833	5.000	1	Clu90-mza3	mandatory	952	0.0	2250.400	1.000	1.000	1	952		
GCA_014295235.1	protein_ordered	QNJ83072.1	Clu110-mza4	2415	model_pipolin_ent_mza/pipolin_ent_mza	protein_ordered_pipolin_ent_mza_1	1	1	0.833	5.000	1	Clu110-mza4	mandatory	264	3.6e-184	611.000	0.528	1.000	1	264		
GCA_014295235.1	protein_ordered	QNJ83074.1	Clu94-mza5	2417	model_pipolin_ent_mza/pipolin_ent_mza	protein_ordered_pipolin_ent_mza_1	1	1	0.833	5.000	1	Clu94-mza5	mandatory	687	0.0	1538.000	1.000	1.000	1	687		
GCA_002951735.1	protein_ordered	AUZ00883.1	Clu87-mza1	1940	model_pipolin_ent_mza/pipolin_ent_mza	protein_ordered_pipolin_ent_mza_1	1	1	1.000	6.000	1	Clu87-mza1	mandatory	598	0.0	1463.100	1.000	1.000	1	598		
GCA_002951735.1	protein_ordered	AUZ00884.1	Clu91-mza2	1941	model_pipolin_ent_mza/pipolin_ent_mza	protein_ordered_pipolin_ent_mza_1	1	1	1.000	6.000	1	Clu91-mza2	mandatory	342	2.8e-250	827.300	1.000	1.000	1	342		
GCA_002951735.1	protein_ordered	AUZ00885.1	Clu90-mza3	1942	model_pipolin_ent_mza/pipolin_ent_mza	protein_ordered_pipolin_ent_mza_1	1	1	1.000	6.000	1	Clu90-mza3	mandatory	952	0.0	2328.400	1.000	1.000	1	952		
GCA_002951735.1	protein_ordered	AUZ00886.1	Clu110-mza4	1943	model_pipolin_ent_mza/pipolin_ent_mza	protein_ordered_pipolin_ent_mza_1	1	1	1.000	6.000	1	Clu110-mza4	mandatory	500	0.0	1221.000	1.000	1.000	1	500		
GCA_002951735.1	protein_ordered	AUZ00887.1	Clu94-mza5	1944	model_pipolin_ent_mza/pipolin_ent_mza	protein_ordered_pipolin_ent_mza_1	1	1	1.000	6.000	1	Clu94-mza5	mandatory	683	0.0	1564.200	1.000	1.000	1	683		
GCA_002951735.1	protein_ordered	AUZ00903.1	Clu1-GpiPolB	1960	model_pipolin_ent_mza/pipolin_ent_mza	protein_ordered_pipolin_ent_mza_1	1	1	1.000	6.000	1	Clu1-GpiPolB	mandatory	655	2.3e-301	999.900	0.729	0.995	2	653		
GCA_005484945.1	protein_ordered	QCR07605.1	Clu110-mza4	566	model_pipolin_ent_mza/pipolin_ent_mza	protein_ordered_pipolin_ent_mza_1	1	1	0.667	4.000	1	Clu110-mza4	mandatory	492	6.5e-83	276.400	0.906	0.919	6	457		
GCA_005484945.1	protein_ordered	QCR07606.1	Clu90-mza3	567	model_pipolin_ent_mza/pipolin_ent_mza	protein_ordered_pipolin_ent_mza_1	1	1	0.667	4.000	1	Clu90-mza3	mandatory	883	1.6e-128	427.600	0.748	0.759	52	721		
GCA_005484945.1	protein_ordered	QCR10260.1	Clu91-mza2	568	model_pipolin_ent_mza/pipolin_ent_mza	protein_ordered_pipolin_ent_mza_1	1	1	0.667	4.000	1	Clu91-mza2	mandatory	321	3.7e-21	73.300	0.719	0.766	62	307		
GCA_005484945.1	protein_ordered	QCR07607.1	Clu87-mza1	569	model_pipolin_ent_mza/pipolin_ent_mza	protein_ordered_pipolin_ent_mza_1	1	1	0.667	4.000	1	Clu87-mza1	mandatory	690	2.3e-78	261.700	0.940	0.817	17	580		
GCA_014076685.2	protein_ordered	QOY33380.1	Clu1-GpiPolB	646	model_pipolin_ent_mza/pipolin_ent_mza	protein_ordered_pipolin_ent_mza_1	1	1	1.000	6.000	1	Clu1-GpiPolB	mandatory	662	3.7e-294	976.000	0.732	0.995	2	660		
GCA_014076685.2	protein_ordered	QOY31864.1	Clu94-mza5	659	model_pipolin_ent_mza/pipolin_ent_mza	protein_ordered_pipolin_ent_mza_1	1	1	1.000	6.000	1	Clu94-mza5	mandatory	683	0.0	1562.300	1.000	1.000	1	683		
GCA_014076685.2	protein_ordered	QOY31865.1	Clu110-mza4	660	model_pipolin_ent_mza/pipolin_ent_mza	protein_ordered_pipolin_ent_mza_1	1	1	1.000	6.000	1	Clu110-mza4	mandatory	500	0.0	1215.700	1.000	1.000	1	500		
GCA_014076685.2	protein_ordered	QOY31866.1	Clu90-mza3	661	model_pipolin_ent_mza/pipolin_ent_mza	protein_ordered_pipolin_ent_mza_1	1	1	1.000	6.000	1	Clu90-mza3	mandatory	952	0.0	2320.300	1.000	1.000	1	952		
GCA_014076685.2	protein_ordered	QOY31867.1	Clu91-mza2	662	model_pipolin_ent_mza/pipolin_ent_mza	protein_ordered_pipolin_ent_mza_1	1	1	1.000	6.000	1	Clu91-mza2	mandatory	342	1.1e-249	825.200	1.000	1.000	1	342		
GCA_014076685.2	protein_ordered	QOY31868.1	Clu87-mza1	663	model_pipolin_ent_mza/pipolin_ent_mza	protein_ordered_pipolin_ent_mza_1	1	1	1.000	6.000	1	Clu87-mza1	mandatory	598	0.0	1462.000	1.000	1.000	1	598		
GCA_014295215.1	protein_ordered	QNJ87537.1	Clu94-mza5	1880	model_pipolin_ent_mza/pipolin_ent_mza	protein_ordered_pipolin_ent_mza_1	1	1	0.833	5.000	1	Clu94-mza5	mandatory	687	0.0	1538.000	1.000	1.000	1	687		
GCA_014295215.1	protein_ordered	QNJ87539.1	Clu110-mza4	1882	model_pipolin_ent_mza/pipolin_ent_mza	protein_ordered_pipolin_ent_mza_1	1	1	0.833	5.000	1	Clu110-mza4	mandatory	264	3.6e-184	611.000	0.528	1.000	1	264		
GCA_014295215.1	protein_ordered	QNJ87540.1	Clu90-mza3	1883	model_pipolin_ent_mza/pipolin_ent_mza	protein_ordered_pipolin_ent_mza_1	1	1	0.833	5.000	1	Clu90-mza3	mandatory	952	0.0	2250.400	1.000	1.000	1	952		
GCA_014295215.1	protein_ordered	QNJ87541.1	Clu91-mza2	1884	model_pipolin_ent_mza/pipolin_ent_mza	protein_ordered_pipolin_ent_mza_1	1	1	0.833	5.000	1	Clu91-mza2	mandatory	342	5.2e-238	787.000	1.000	1.000	1	342		
GCA_014295215.1	protein_ordered	QNJ87542.1	Clu87-mza1	1885	model_pipolin_ent_mza/pipolin_ent_mza	protein_ordered_pipolin_ent_mza_1	1	1	0.833	5.000	1	Clu87-mza1	mandatory	598	0.0	1428.500	1.000	1.000	1	598		
GCA_003325155.1	protein_ordered	AXD59058.1	Clu87-mza1	3865	model_pipolin_ent_mza/pipolin_ent_mza	protein_ordered_pipolin_ent_mza_1	1	1	0.833	5.000	1	Clu87-mza1	mandatory	601	0.0	1440.100	0.995	0.990	1	595		
GCA_003325155.1	protein_ordered	AXD59059.1	Clu91-mza2	3866	model_pipolin_ent_mza/pipolin_ent_mza	protein_ordered_pipolin_ent_mza_1	1	1	0.833	5.000	1	Clu91-mza2	mandatory	342	3.8e-231	764.300	1.000	1.000	1	342		
GCA_003325155.1	protein_ordered	AXD59060.1	Clu90-mza3	3867	model_pipolin_ent_mza/pipolin_ent_mza	protein_ordered_pipolin_ent_mza_1	1	1	0.833	5.000	1	Clu90-mza3	mandatory	952	0.0	2249.500	1.000	1.000	1	952		
GCA_003325155.1	protein_ordered	AXD59061.1	Clu110-mza4	3868	model_pipolin_ent_mza/pipolin_ent_mza	protein_ordered_pipolin_ent_mza_1	1	1	0.833	5.000	1	Clu110-mza4	mandatory	500	0.0	1186.800	1.000	1.000	1	500		
GCA_003325155.1	protein_ordered	AXD59062.1	Clu94-mza5	3869	model_pipolin_ent_mza/pipolin_ent_mza	protein_ordered_pipolin_ent_mza_1	1	1	0.833	5.000	1	Clu94-mza5	mandatory	677	0.0	1386.400	1.000	1.000	1	677		
GCA_007861245.2	protein_ordered	UAI08946.1	Clu94-mza5	596	model_pipolin_ent_mza/pipolin_ent_mza	protein_ordered_pipolin_ent_mza_1	1	1	0.833	5.000	1	Clu94-mza5	mandatory	679	0.0	1382.600	1.000	1.000	1	679		
GCA_007861245.2	protein_ordered	UAI08947.1	Clu110-mza4	597	model_pipolin_ent_mza/pipolin_ent_mza	protein_ordered_pipolin_ent_mza_1	1	1	0.833	5.000	1	Clu110-mza4	mandatory	500	0.0	1177.900	1.000	1.000	1	500		
GCA_007861245.2	protein_ordered	UAI08948.1	Clu90-mza3	598	model_pipolin_ent_mza/pipolin_ent_mza	protein_ordered_pipolin_ent_mza_1	1	1	0.833	5.000	1	Clu90-mza3	mandatory	952	0.0	2241.400	1.000	1.000	1	952		
GCA_007861245.2	protein_ordered	UAI08949.1	Clu91-mza2	599	model_pipolin_ent_mza/pipolin_ent_mza	protein_ordered_pipolin_ent_mza_1	1	1	0.833	5.000	1	Clu91-mza2	mandatory	342	1.5e-232	769.000	1.000	1.000	1	342		
GCA_007861245.2	protein_ordered	UAI08950.1	Clu87-mza1	600	model_pipolin_ent_mza/pipolin_ent_mza	protein_ordered_pipolin_ent_mza_1	1	1	0.833	5.000	1	Clu87-mza1	mandatory	601	0.0	1441.400	0.995	0.990	1	595		
GCA_018340425.1	protein_ordered	QVD06134.1	Clu87-mza1	3767	model_pipolin_ent_mza/pipolin_ent_mza	protein_ordered_pipolin_ent_mza_1	1	1	0.833	5.000	1	Clu87-mza1	mandatory	601	0.0	1440.100	0.995	0.990	1	595		
GCA_018340425.1	protein_ordered	QVD03188.1	Clu91-mza2	3768	model_pipolin_ent_mza/pipolin_ent_mza	protein_ordered_pipolin_ent_mza_1	1	1	0.833	5.000	1	Clu91-mza2	mandatory	342	3.7e-231	764.300	1.000	1.000	1	342		
GCA_018340425.1	protein_ordered	QVD03189.1	Clu90-mza3	3769	model_pipolin_ent_mza/pipolin_ent_mza	protein_ordered_pipolin_ent_mza_1	1	1	0.833	5.000	1	Clu90-mza3	mandatory	952	0.0	2240.900	1.000	1.000	1	952		
GCA_018340425.1	protein_ordered	QVD03190.1	Clu110-mza4	3770	model_pipolin_ent_mza/pipolin_ent_mza	protein_ordered_pipolin_ent_mza_1	1	1	0.833	5.000	1	Clu110-mza4	mandatory	500	0.0	1177.300	1.000	1.000	1	500		
GCA_018340425.1	protein_ordered	QVD03191.1	Clu94-mza5	3771	model_pipolin_ent_mza/pipolin_ent_mza	protein_ordered_pipolin_ent_mza_1	1	1	0.833	5.000	1	Clu94-mza5	mandatory	679	0.0	1384.300	1.000	1.000	1	679		
GCA_013822575.1	protein_ordered	QMF52977.1	Clu94-mza5	1766	model_pipolin_ent_mza/pipolin_ent_mza	protein_ordered_pipolin_ent_mza_1	1	1	0.833	5.000	1	Clu94-mza5	mandatory	683	0.0	1562.300	1.000	1.000	1	683		
GCA_013822575.1	protein_ordered	QMF52978.1	Clu110-mza4	1767	model_pipolin_ent_mza/pipolin_ent_mza	protein_ordered_pipolin_ent_mza_1	1	1	0.833	5.000	1	Clu110-mza4	mandatory	500	0.0	1221.000	1.000	1.000	1	500		
GCA_013822575.1	protein_ordered	QMF52979.1	Clu90-mza3	1768	model_pipolin_ent_mza/pipolin_ent_mza	protein_ordered_pipolin_ent_mza_1	1	1	0.833	5.000	1	Clu90-mza3	mandatory	952	0.0	2327.600	1.000	1.000	1	952		
GCA_013822575.1	protein_ordered	QMF52980.1	Clu91-mza2	1769	model_pipolin_ent_mza/pipolin_ent_mza	protein_ordered_pipolin_ent_mza_1	1	1	0.833	5.000	1	Clu91-mza2	mandatory	342	2.7e-250	827.300	1.000	1.000	1	342		
GCA_013822575.1	protein_ordered	QMF52981.1	Clu87-mza1	1770	model_pipolin_ent_mza/pipolin_ent_mza	protein_ordered_pipolin_ent_mza_1	1	1	0.833	5.000	1	Clu87-mza1	mandatory	598	0.0	1463.100	1.000	1.000	1	598		
GCA_026075575.1	protein_ordered	BBL32141.1	Clu110-mza4	3589	model_pipolin_ent_mza/pipolin_ent_mza	protein_ordered_pipolin_ent_mza_1	1	1	0.667	4.000	1	Clu110-mza4	mandatory	478	3.1e-92	307.600	0.956	0.981	1	469		
GCA_026075575.1	protein_ordered	BBL32142.1	Clu90-mza3	3590	model_pipolin_ent_mza/pipolin_ent_mza	protein_ordered_pipolin_ent_mza_1	1	1	0.667	4.000	1	Clu90-mza3	mandatory	919	4.6e-118	393.400	0.752	0.751	76	765		
GCA_026075575.1	protein_ordered	BBL32143.1	Clu91-mza2	3591	model_pipolin_ent_mza/pipolin_ent_mza	protein_ordered_pipolin_ent_mza_1	1	1	0.667	4.000	1	Clu91-mza2	mandatory	313	1.6e-22	78.300	0.673	0.741	76	307		
GCA_026075575.1	protein_ordered	BBL32144.1	Clu87-mza1	3592	model_pipolin_ent_mza/pipolin_ent_mza	protein_ordered_pipolin_ent_mza_1	1	1	0.667	4.000	1	Clu87-mza1	mandatory	621	9.1e-72	240.300	0.868	0.860	60	593		
GCA_003074855.2	protein_ordered	UCQ57199.1	Clu87-mza1	2921	model_pipolin_ent_mza/pipolin_ent_mza	protein_ordered_pipolin_ent_mza_1	1	1	0.667	4.000	1	Clu87-mza1	mandatory	610	9.3e-77	256.400	0.910	0.915	35	592		
GCA_003074855.2	protein_ordered	UCQ57200.1	Clu91-mza2	2922	model_pipolin_ent_mza/pipolin_ent_mza	protein_ordered_pipolin_ent_mza_1	1	1	0.667	4.000	1	Clu91-mza2	mandatory	313	1.2e-22	78.200	0.731	0.805	54	305		
GCA_003074855.2	protein_ordered	UCQ57201.1	Clu90-mza3	2923	model_pipolin_ent_mza/pipolin_ent_mza	protein_ordered_pipolin_ent_mza_1	1	1	0.667	4.000	1	Clu90-mza3	mandatory	927	1.4e-118	394.700	0.772	0.768	73	784		
GCA_003074855.2	protein_ordered	UCQ57202.1	Clu110-mza4	2924	model_pipolin_ent_mza/pipolin_ent_mza	protein_ordered_pipolin_ent_mza_1	1	1	0.667	4.000	1	Clu110-mza4	mandatory	489	2.5e-90	300.900	0.966	0.967	6	478		
GCA_023516135.1	protein_ordered	UQX39754.1	Clu87-mza1	929	model_pipolin_ent_mza/pipolin_ent_mza	protein_ordered_pipolin_ent_mza_1	1	1	1.000	6.000	1	Clu87-mza1	mandatory	598	0.0	1459.400	1.000	1.000	1	598		
GCA_023516135.1	protein_ordered	UQX39755.1	Clu91-mza2	930	model_pipolin_ent_mza/pipolin_ent_mza	protein_ordered_pipolin_ent_mza_1	1	1	1.000	6.000	1	Clu91-mza2	mandatory	342	3.1e-249	823.700	1.000	1.000	1	342		
GCA_023516135.1	protein_ordered	UQX39756.1	Clu90-mza3	931	model_pipolin_ent_mza/pipolin_ent_mza	protein_ordered_pipolin_ent_mza_1	1	1	1.000	6.000	1	Clu90-mza3	mandatory	952	0.0	2320.300	1.000	1.000	1	952		
GCA_023516135.1	protein_ordered	UQX39757.1	Clu110-mza4	932	model_pipolin_ent_mza/pipolin_ent_mza	protein_ordered_pipolin_ent_mza_1	1	1	1.000	6.000	1	Clu110-mza4	mandatory	500	0.0	1215.800	1.000	1.000	1	500		
GCA_023516135.1	protein_ordered	UQX39758.1	Clu94-mza5	933	model_pipolin_ent_mza/pipolin_ent_mza	protein_ordered_pipolin_ent_mza_1	1	1	1.000	6.000	1	Clu94-mza5	mandatory	683	0.0	1559.400	1.000	1.000	1	683		
GCA_023516135.1	protein_ordered	UQX39773.1	Clu1-GpiPolB	949	model_pipolin_ent_mza/pipolin_ent_mza	protein_ordered_pipolin_ent_mza_1	1	1	1.000	6.000	1	Clu1-GpiPolB	mandatory	866	0.0	1197.100	0.912	0.947	45	864		
GCA_005978105.2	protein_ordered	UAE91748.1	Clu87-mza1	2177	model_pipolin_ent_mza/pipolin_ent_mza	protein_ordered_pipolin_ent_mza_1	1	1	0.833	5.000	1	Clu87-mza1	mandatory	601	0.0	1441.400	0.995	0.990	1	595		
GCA_005978105.2	protein_ordered	UAE89461.1	Clu91-mza2	2178	model_pipolin_ent_mza/pipolin_ent_mza	protein_ordered_pipolin_ent_mza_1	1	1	0.833	5.000	1	Clu91-mza2	mandatory	342	1.5e-232	769.000	1.000	1.000	1	342		
GCA_005978105.2	protein_ordered	UAE89462.1	Clu90-mza3	2179	model_pipolin_ent_mza/pipolin_ent_mza	protein_ordered_pipolin_ent_mza_1	1	1	0.833	5.000	1	Clu90-mza3	mandatory	952	0.0	2241.400	1.000	1.000	1	952		
GCA_005978105.2	protein_ordered	UAE89463.1	Clu110-mza4	2180	model_pipolin_ent_mza/pipolin_ent_mza	protein_ordered_pipolin_ent_mza_1	1	1	0.833	5.000	1	Clu110-mza4	mandatory	500	0.0	1177.900	1.000	1.000	1	500		
GCA_005978105.2	protein_ordered	UAE89464.1	Clu94-mza5	2181	model_pipolin_ent_mza/pipolin_ent_mza	protein_ordered_pipolin_ent_mza_1	1	1	0.833	5.000	1	Clu94-mza5	mandatory	679	0.0	1382.600	1.000	1.000	1	679		
GCA_013425885.1	protein_ordered	QLJ30083.1	Clu87-mza1	438	model_pipolin_ent_mza/pipolin_ent_mza	protein_ordered_pipolin_ent_mza_1	1	1	0.667	4.000	1	Clu87-mza1	mandatory	621	1e-71	240.100	0.868	0.860	60	593		
GCA_013425885.1	protein_ordered	QLJ30084.1	Clu91-mza2	439	model_pipolin_ent_mza/pipolin_ent_mza	protein_ordered_pipolin_ent_mza_1	1	1	0.667	4.000	1	Clu91-mza2	mandatory	313	7.4e-23	79.300	0.670	0.738	77	307		
GCA_013425885.1	protein_ordered	QLJ30085.1	Clu90-mza3	440	model_pipolin_ent_mza/pipolin_ent_mza	protein_ordered_pipolin_ent_mza_1	1	1	0.667	4.000	1	Clu90-mza3	mandatory	919	4.9e-118	393.200	0.753	0.752	76	766		
GCA_013425885.1	protein_ordered	QLJ30086.1	Clu110-mza4	441	model_pipolin_ent_mza/pipolin_ent_mza	protein_ordered_pipolin_ent_mza_1	1	1	0.667	4.000	1	Clu110-mza4	mandatory	490	3.1e-92	307.500	0.970	0.971	6	481		
GCA_020783215.1	protein_ordered	UEG31611.1	Clu87-mza1	2701	model_pipolin_ent_mza/pipolin_ent_mza	protein_ordered_pipolin_ent_mza_1	1	1	0.833	5.000	1	Clu87-mza1	mandatory	627	0.0	1461.500	1.000	0.954	30	627		
GCA_020783215.1	protein_ordered	UEG31612.1	Clu91-mza2	2702	model_pipolin_ent_mza/pipolin_ent_mza	protein_ordered_pipolin_ent_mza_1	1	1	0.833	5.000	1	Clu91-mza2	mandatory	342	2.4e-242	801.100	1.000	1.000	1	342		
GCA_020783215.1	protein_ordered	UEG31613.1	Clu90-mza3	2703	model_pipolin_ent_mza/pipolin_ent_mza	protein_ordered_pipolin_ent_mza_1	1	1	0.833	5.000	1	Clu90-mza3	mandatory	952	0.0	2296.200	1.000	1.000	1	952		
GCA_020783215.1	protein_ordered	UEG31614.1	Clu110-mza4	2704	model_pipolin_ent_mza/pipolin_ent_mza	protein_ordered_pipolin_ent_mza_1	1	1	0.833	5.000	1	Clu110-mza4	mandatory	500	0.0	1194.700	1.000	1.000	1	500		
GCA_020783215.1	protein_ordered	UEG31615.1	Clu94-mza5	2705	model_pipolin_ent_mza/pipolin_ent_mza	protein_ordered_pipolin_ent_mza_1	1	1	0.833	5.000	1	Clu94-mza5	mandatory	683	0.0	1527.600	1.000	1.000	1	683		
GCA_000987875.1	protein_ordered	AKF20895.1	Clu87-mza1	2021	model_pipolin_ent_mza/pipolin_ent_mza	protein_ordered_pipolin_ent_mza_1	1	1	1.000	6.000	1	Clu87-mza1	mandatory	598	0.0	1459.900	1.000	1.000	1	598		
GCA_000987875.1	protein_ordered	AKF20896.1	Clu91-mza2	2022	model_pipolin_ent_mza/pipolin_ent_mza	protein_ordered_pipolin_ent_mza_1	1	1	1.000	6.000	1	Clu91-mza2	mandatory	342	2.9e-250	827.300	1.000	1.000	1	342		
GCA_000987875.1	protein_ordered	AKF20897.1	Clu90-mza3	2023	model_pipolin_ent_mza/pipolin_ent_mza	protein_ordered_pipolin_ent_mza_1	1	1	1.000	6.000	1	Clu90-mza3	mandatory	952	0.0	2329.900	1.000	1.000	1	952		
GCA_000987875.1	protein_ordered	AKF20898.1	Clu110-mza4	2024	model_pipolin_ent_mza/pipolin_ent_mza	protein_ordered_pipolin_ent_mza_1	1	1	1.000	6.000	1	Clu110-mza4	mandatory	500	0.0	1221.000	1.000	1.000	1	500		
GCA_000987875.1	protein_ordered	AKF20899.1	Clu94-mza5	2025	model_pipolin_ent_mza/pipolin_ent_mza	protein_ordered_pipolin_ent_mza_1	1	1	1.000	6.000	1	Clu94-mza5	mandatory	683	0.0	1558.400	1.000	1.000	1	683		
GCA_000987875.1	protein_ordered	AKF20913.1	Clu1-GpiPolB	2039	model_pipolin_ent_mza/pipolin_ent_mza	protein_ordered_pipolin_ent_mza_1	1	1	1.000	6.000	1	Clu1-GpiPolB	mandatory	866	0.0	1197.400	0.912	0.947	45	864		
GCA_013201215.1	protein_ordered	QKF20148.1	Clu87-mza1	3092	model_pipolin_ent_mza/pipolin_ent_mza	protein_ordered_pipolin_ent_mza_1	1	1	1.000	6.000	1	Clu87-mza1	mandatory	598	0.0	1461.600	1.000	1.000	1	598		
GCA_013201215.1	protein_ordered	QKF20149.1	Clu91-mza2	3093	model_pipolin_ent_mza/pipolin_ent_mza	protein_ordered_pipolin_ent_mza_1	1	1	1.000	6.000	1	Clu91-mza2	mandatory	342	3.6e-249	823.500	1.000	1.000	1	342		
GCA_013201215.1	protein_ordered	QKF20150.1	Clu90-mza3	3094	model_pipolin_ent_mza/pipolin_ent_mza	protein_ordered_pipolin_ent_mza_1	1	1	1.000	6.000	1	Clu90-mza3	mandatory	952	0.0	2316.200	1.000	1.000	1	952		
GCA_013201215.1	protein_ordered	QKF20151.1	Clu110-mza4	3095	model_pipolin_ent_mza/pipolin_ent_mza	protein_ordered_pipolin_ent_mza_1	1	1	1.000	6.000	1	Clu110-mza4	mandatory	500	0.0	1215.200	1.000	1.000	1	500		
GCA_013201215.1	protein_ordered	QKF20152.1	Clu94-mza5	3096	model_pipolin_ent_mza/pipolin_ent_mza	protein_ordered_pipolin_ent_mza_1	1	1	1.000	6.000	1	Clu94-mza5	mandatory	683	0.0	1559.400	1.000	1.000	1	683		
GCA_013201215.1	protein_ordered	QKF20165.1	Clu1-GpiPolB	3110	model_pipolin_ent_mza/pipolin_ent_mza	protein_ordered_pipolin_ent_mza_1	1	1	1.000	6.000	1	Clu1-GpiPolB	mandatory	866	0.0	1198.600	0.911	0.943	48	864		
GCA_013425865.1	protein_ordered	QLJ29173.1	Clu87-mza1	3931	model_pipolin_ent_mza/pipolin_ent_mza	protein_ordered_pipolin_ent_mza_1	1	1	0.667	4.000	1	Clu87-mza1	mandatory	621	1e-71	240.100	0.868	0.860	60	593		
GCA_013425865.1	protein_ordered	QLJ29174.1	Clu91-mza2	3932	model_pipolin_ent_mza/pipolin_ent_mza	protein_ordered_pipolin_ent_mza_1	1	1	0.667	4.000	1	Clu91-mza2	mandatory	313	7.3e-23	79.300	0.670	0.738	77	307		
GCA_013425865.1	protein_ordered	QLJ29175.1	Clu90-mza3	3933	model_pipolin_ent_mza/pipolin_ent_mza	protein_ordered_pipolin_ent_mza_1	1	1	0.667	4.000	1	Clu90-mza3	mandatory	919	4.9e-118	393.200	0.753	0.752	76	766		
GCA_013425865.1	protein_ordered	QLJ29176.1	Clu110-mza4	3934	model_pipolin_ent_mza/pipolin_ent_mza	protein_ordered_pipolin_ent_mza_1	1	1	0.667	4.000	1	Clu110-mza4	mandatory	490	3.1e-92	307.500	0.970	0.971	6	481		
GCA_015571855.1	protein_ordered	QPE78155.1	Clu1-GpiPolB	212	model_pipolin_ent_mza/pipolin_ent_mza	protein_ordered_pipolin_ent_mza_1	1	1	1.000	6.000	1	Clu1-GpiPolB	mandatory	878	0.0	1183.400	0.912	0.948	45	876		
GCA_015571855.1	protein_ordered	QPE76275.1	Clu94-mza5	226	model_pipolin_ent_mza/pipolin_ent_mza	protein_ordered_pipolin_ent_mza_1	1	1	1.000	6.000	1	Clu94-mza5	mandatory	683	0.0	1564.200	1.000	1.000	1	683		
GCA_015571855.1	protein_ordered	QPE76276.1	Clu110-mza4	227	model_pipolin_ent_mza/pipolin_ent_mza	protein_ordered_pipolin_ent_mza_1	1	1	1.000	6.000	1	Clu110-mza4	mandatory	500	0.0	1221.000	1.000	1.000	1	500		
GCA_015571855.1	protein_ordered	QPE76277.1	Clu90-mza3	228	model_pipolin_ent_mza/pipolin_ent_mza	protein_ordered_pipolin_ent_mza_1	1	1	1.000	6.000	1	Clu90-mza3	mandatory	952	0.0	2326.800	1.000	1.000	1	952		
GCA_015571855.1	protein_ordered	QPE76278.1	Clu91-mza2	229	model_pipolin_ent_mza/pipolin_ent_mza	protein_ordered_pipolin_ent_mza_1	1	1	1.000	6.000	1	Clu91-mza2	mandatory	342	7.5e-249	822.600	1.000	1.000	1	342		
GCA_015571855.1	protein_ordered	QPE76279.1	Clu87-mza1	230	model_pipolin_ent_mza/pipolin_ent_mza	protein_ordered_pipolin_ent_mza_1	1	1	1.000	6.000	1	Clu87-mza1	mandatory	598	0.0	1463.100	1.000	1.000	1	598		
GCA_013426135.1	protein_ordered	QLJ58847.1	Clu94-mza5	438	model_pipolin_ent_mza/pipolin_ent_mza	protein_ordered_pipolin_ent_mza_1	1	1	0.833	5.000	1	Clu94-mza5	mandatory	682	0.0	1358.000	0.999	1.000	1	682		
GCA_013426135.1	protein_ordered	QLJ58848.1	Clu110-mza4	439	model_pipolin_ent_mza/pipolin_ent_mza	protein_ordered_pipolin_ent_mza_1	1	1	0.833	5.000	1	Clu110-mza4	mandatory	500	0.0	1153.600	1.000	1.000	1	500		
GCA_013426135.1	protein_ordered	QLJ58849.1	Clu90-mza3	440	model_pipolin_ent_mza/pipolin_ent_mza	protein_ordered_pipolin_ent_mza_1	1	1	0.833	5.000	1	Clu90-mza3	mandatory	952	0.0	2221.300	1.000	1.000	1	952		
GCA_013426135.1	protein_ordered	QLJ58850.1	Clu91-mza2	441	model_pipolin_ent_mza/pipolin_ent_mza	protein_ordered_pipolin_ent_mza_1	1	1	0.833	5.000	1	Clu91-mza2	mandatory	342	1.4e-233	772.500	1.000	1.000	1	342		
GCA_013426135.1	protein_ordered	QLJ58851.1	Clu87-mza1	442	model_pipolin_ent_mza/pipolin_ent_mza	protein_ordered_pipolin_ent_mza_1	1	1	0.833	5.000	1	Clu87-mza1	mandatory	598	0.0	1391.300	0.992	0.992	1	593		
GCA_023099705.2	protein_ordered	UUJ89078.1	Clu94-mza5	206	model_pipolin_ent_mza/pipolin_ent_mza	protein_ordered_pipolin_ent_mza_1	1	1	0.833	5.000	1	Clu94-mza5	mandatory	683	0.0	1559.400	1.000	1.000	1	683		
GCA_023099705.2	protein_ordered	UUJ89079.1	Clu110-mza4	207	model_pipolin_ent_mza/pipolin_ent_mza	protein_ordered_pipolin_ent_mza_1	1	1	0.833	5.000	1	Clu110-mza4	mandatory	500	0.0	1215.800	1.000	1.000	1	500		
GCA_023099705.2	protein_ordered	UUJ89080.1	Clu90-mza3	208	model_pipolin_ent_mza/pipolin_ent_mza	protein_ordered_pipolin_ent_mza_1	1	1	0.833	5.000	1	Clu90-mza3	mandatory	952	0.0	2320.300	1.000	1.000	1	952		
GCA_023099705.2	protein_ordered	UUJ89081.1	Clu91-mza2	209	model_pipolin_ent_mza/pipolin_ent_mza	protein_ordered_pipolin_ent_mza_1	1	1	0.833	5.000	1	Clu91-mza2	mandatory	342	3.4e-249	823.700	1.000	1.000	1	342		
GCA_023099705.2	protein_ordered	UUJ89082.1	Clu87-mza1	210	model_pipolin_ent_mza/pipolin_ent_mza	protein_ordered_pipolin_ent_mza_1	1	1	0.833	5.000	1	Clu87-mza1	mandatory	598	0.0	1462.000	1.000	1.000	1	598		
GCA_008807135.1	protein_ordered	QEY43154.1	Clu87-mza1	2530	model_pipolin_ent_mza/pipolin_ent_mza	protein_ordered_pipolin_ent_mza_1	1	1	1.000	6.000	1	Clu87-mza1	mandatory	598	0.0	1462.000	1.000	1.000	1	598		
GCA_008807135.1	protein_ordered	QEY43155.1	Clu91-mza2	2531	model_pipolin_ent_mza/pipolin_ent_mza	protein_ordered_pipolin_ent_mza_1	1	1	1.000	6.000	1	Clu91-mza2	mandatory	342	3.4e-249	823.700	1.000	1.000	1	342		
GCA_008807135.1	protein_ordered	QEY43156.1	Clu90-mza3	2532	model_pipolin_ent_mza/pipolin_ent_mza	protein_ordered_pipolin_ent_mza_1	1	1	1.000	6.000	1	Clu90-mza3	mandatory	952	0.0	2320.300	1.000	1.000	1	952		
GCA_008807135.1	protein_ordered	QEY43157.1	Clu110-mza4	2533	model_pipolin_ent_mza/pipolin_ent_mza	protein_ordered_pipolin_ent_mza_1	1	1	1.000	6.000	1	Clu110-mza4	mandatory	500	0.0	1215.800	1.000	1.000	1	500		
GCA_008807135.1	protein_ordered	QEY43158.1	Clu94-mza5	2534	model_pipolin_ent_mza/pipolin_ent_mza	protein_ordered_pipolin_ent_mza_1	1	1	1.000	6.000	1	Clu94-mza5	mandatory	683	0.0	1559.400	1.000	1.000	1	683		
GCA_008807135.1	protein_ordered	QEY43170.1	Clu1-GpiPolB	2547	model_pipolin_ent_mza/pipolin_ent_mza	protein_ordered_pipolin_ent_mza_1	1	1	1.000	6.000	1	Clu1-GpiPolB	mandatory	866	0.0	1198.600	0.911	0.943	48	864		
GCA_001901065.1	protein_ordered	APL03558.1	Clu87-mza1	1834	model_pipolin_ent_mza/pipolin_ent_mza	protein_ordered_pipolin_ent_mza_1	1	1	0.833	5.000	1	Clu87-mza1	mandatory	598	0.0	1459.900	1.000	1.000	1	598		
GCA_001901065.1	protein_ordered	APL03559.1	Clu91-mza2	1835	model_pipolin_ent_mza/pipolin_ent_mza	protein_ordered_pipolin_ent_mza_1	1	1	0.833	5.000	1	Clu91-mza2	mandatory	342	2.9e-250	827.300	1.000	1.000	1	342		
GCA_001901065.1	protein_ordered	APL03560.1	Clu90-mza3	1836	model_pipolin_ent_mza/pipolin_ent_mza	protein_ordered_pipolin_ent_mza_1	1	1	0.833	5.000	1	Clu90-mza3	mandatory	952	0.0	2329.900	1.000	1.000	1	952		
GCA_001901065.1	protein_ordered	APL03561.1	Clu110-mza4	1837	model_pipolin_ent_mza/pipolin_ent_mza	protein_ordered_pipolin_ent_mza_1	1	1	0.833	5.000	1	Clu110-mza4	mandatory	500	0.0	1221.000	1.000	1.000	1	500		
GCA_001901065.1	protein_ordered	APL03562.1	Clu94-mza5	1838	model_pipolin_ent_mza/pipolin_ent_mza	protein_ordered_pipolin_ent_mza_1	1	1	0.833	5.000	1	Clu94-mza5	mandatory	683	0.0	1564.200	1.000	1.000	1	683		
GCA_013899095.1	protein_ordered	QMN17301.1	Clu94-mza5	1819	model_pipolin_ent_mza/pipolin_ent_mza	protein_ordered_pipolin_ent_mza_1	1	1	0.833	5.000	1	Clu94-mza5	mandatory	687	0.0	1536.000	1.000	1.000	1	687		
GCA_013899095.1	protein_ordered	QMN17302.1	Clu110-mza4	1820	model_pipolin_ent_mza/pipolin_ent_mza	protein_ordered_pipolin_ent_mza_1	1	1	0.833	5.000	1	Clu110-mza4	mandatory	500	0.0	1166.800	1.000	1.000	1	500		
GCA_013899095.1	protein_ordered	QMN17303.1	Clu90-mza3	1821	model_pipolin_ent_mza/pipolin_ent_mza	protein_ordered_pipolin_ent_mza_1	1	1	0.833	5.000	1	Clu90-mza3	mandatory	952	0.0	2250.300	1.000	1.000	1	952		
GCA_013899095.1	protein_ordered	QMN17304.1	Clu91-mza2	1822	model_pipolin_ent_mza/pipolin_ent_mza	protein_ordered_pipolin_ent_mza_1	1	1	0.833	5.000	1	Clu91-mza2	mandatory	342	4.6e-238	787.000	1.000	1.000	1	342		
GCA_013899095.1	protein_ordered	QMN17305.1	Clu87-mza1	1823	model_pipolin_ent_mza/pipolin_ent_mza	protein_ordered_pipolin_ent_mza_1	1	1	0.833	5.000	1	Clu87-mza1	mandatory	598	0.0	1428.500	1.000	1.000	1	598		
GCA_900635535.1	protein_ordered	VEA06808.1	Clu87-mza1	4222	model_pipolin_ent_mza/pipolin_ent_mza	protein_ordered_pipolin_ent_mza_1	1	1	0.833	5.000	1	Clu87-mza1	mandatory	601	0.0	1440.100	0.995	0.990	1	595		
GCA_900635535.1	protein_ordered	VEA06810.1	Clu91-mza2	4223	model_pipolin_ent_mza/pipolin_ent_mza	protein_ordered_pipolin_ent_mza_1	1	1	0.833	5.000	1	Clu91-mza2	mandatory	342	4.1e-231	764.300	1.000	1.000	1	342		
GCA_900635535.1	protein_ordered	VEA06812.1	Clu90-mza3	4224	model_pipolin_ent_mza/pipolin_ent_mza	protein_ordered_pipolin_ent_mza_1	1	1	0.833	5.000	1	Clu90-mza3	mandatory	952	0.0	2244.500	1.000	1.000	1	952		
GCA_900635535.1	protein_ordered	VEA06814.1	Clu110-mza4	4225	model_pipolin_ent_mza/pipolin_ent_mza	protein_ordered_pipolin_ent_mza_1	1	1	0.833	5.000	1	Clu110-mza4	mandatory	500	0.0	1181.500	1.000	1.000	1	500		
GCA_900635535.1	protein_ordered	VEA06816.1	Clu94-mza5	4226	model_pipolin_ent_mza/pipolin_ent_mza	protein_ordered_pipolin_ent_mza_1	1	1	0.833	5.000	1	Clu94-mza5	mandatory	654	0.0	1324.200	0.962	0.998	2	654		
GCA_001901105.1	protein_ordered	APL13343.1	Clu87-mza1	1835	model_pipolin_ent_mza/pipolin_ent_mza	protein_ordered_pipolin_ent_mza_1	1	1	0.833	5.000	1	Clu87-mza1	mandatory	598	0.0	1459.900	1.000	1.000	1	598		
GCA_001901105.1	protein_ordered	APL13344.1	Clu91-mza2	1836	model_pipolin_ent_mza/pipolin_ent_mza	protein_ordered_pipolin_ent_mza_1	1	1	0.833	5.000	1	Clu91-mza2	mandatory	342	2.9e-250	827.300	1.000	1.000	1	342		
GCA_001901105.1	protein_ordered	APL13345.1	Clu90-mza3	1837	model_pipolin_ent_mza/pipolin_ent_mza	protein_ordered_pipolin_ent_mza_1	1	1	0.833	5.000	1	Clu90-mza3	mandatory	952	0.0	2329.900	1.000	1.000	1	952		
GCA_001901105.1	protein_ordered	APL13346.1	Clu110-mza4	1838	model_pipolin_ent_mza/pipolin_ent_mza	protein_ordered_pipolin_ent_mza_1	1	1	0.833	5.000	1	Clu110-mza4	mandatory	500	0.0	1221.000	1.000	1.000	1	500		
GCA_001901105.1	protein_ordered	APL13347.1	Clu94-mza5	1839	model_pipolin_ent_mza/pipolin_ent_mza	protein_ordered_pipolin_ent_mza_1	1	1	0.833	5.000	1	Clu94-mza5	mandatory	683	0.0	1564.200	1.000	1.000	1	683		
GCA_004768565.1	protein_ordered	QBY61123.1	Clu94-mza5	4437	model_pipolin_ent_mza/pipolin_ent_mza	protein_ordered_pipolin_ent_mza_1	1	1	0.833	5.000	1	Clu94-mza5	mandatory	631	0.0	1268.600	0.930	1.000	1	631		
GCA_004768565.1	protein_ordered	QBY60839.1	Clu110-mza4	4438	model_pipolin_ent_mza/pipolin_ent_mza	protein_ordered_pipolin_ent_mza_1	1	1	0.833	5.000	1	Clu110-mza4	mandatory	500	0.0	1177.900	1.000	1.000	1	500		
GCA_004768565.1	protein_ordered	QBY60840.1	Clu90-mza3	4439	model_pipolin_ent_mza/pipolin_ent_mza	protein_ordered_pipolin_ent_mza_1	1	1	0.833	5.000	1	Clu90-mza3	mandatory	952	0.0	2241.400	1.000	1.000	1	952		
GCA_004768565.1	protein_ordered	QBY60841.1	Clu91-mza2	4440	model_pipolin_ent_mza/pipolin_ent_mza	protein_ordered_pipolin_ent_mza_1	1	1	0.833	5.000	1	Clu91-mza2	mandatory	342	1.5e-232	769.000	1.000	1.000	1	342		
GCA_004768565.1	protein_ordered	QBY61124.1	Clu87-mza1	4441	model_pipolin_ent_mza/pipolin_ent_mza	protein_ordered_pipolin_ent_mza_1	1	1	0.833	5.000	1	Clu87-mza1	mandatory	601	0.0	1441.400	0.995	0.990	1	595		
